ID,V1,V6,V8,V9,V10,Q1,Q2,Q3_1,Q3_3,Q3_4,Q3_5,Q3_6,Q3_7,Q4_1,Q4_3,Q4_4,Q4_5,Q4_6,Q4_7,Q5,Q5_TEXT,Q6,Q7,Q8,Q9_1,Q9_2,Q9_4,Q9_5,Q9_6,Q10,Q11,Q12,Q13,Q14,Q14r,Q15,Q15r,Q16,AGE,Q17,Q18,Q19,Q20,end,LocationLatitude,LocationLongitude,LocationAccuracy,version,teleological,benevolent_HP,like_story,like_hero,liked_story_and_hero,relig_or_not,relig_strength,filter_$,INT_teleo_version,INT_benevHP_version,Leadership
229,R_qPy8rj1dYe4ryj7,110.140.1.214,1/17/2017 2:39:37,1/17/2017 2:47:47,0,2,1,6,4,5,7,5,5,7,1,5,5,2,5,11, ,10,0,0,3,2,2,2,3,1,3,1,1,5,1,5,1,34,34,1,1,Australia,4, , , ,-1,0,1.33333333333333,2.4,5.33333333333333,5.5,5.4,-1,-10,1,0,0,5.66666666666667
1,R_2uED0QebWepVcpP,109.154.77.113,1/16/2017 13:43:34,1/16/2017 13:50:32,1,4,3,1,1,1,1,1,1,5,6,4,5,7,6,2, ,6,0,0,1,1,1,1, ,4,4,3,3,3,3,3,3,23,23,2,1,Uk,4,1,51.07209777832,-4.0211944580078,-1,0,3.33333333333333, ,1,5,2.6,-1,-6,0,0,0,5
3,R_24FZqwAJgl76X7d,81.178.199.82,1/16/2017 15:04:44,1/16/2017 15:20:29,1,2,3,8,9,9,8,9,9,9,5,10,10,3,10,2, ,5,0,0,1,1,1,1,1,1,2,1,2,4,2,4,2,57,57,2,1,England,4,1,50.415603637695,-5.0751953125,-1,0,1.66666666666667,1,8.66666666666667,9.75,9.1,-1,-5,0,0,0,9.66666666666667
5,R_25YIcbu2Kzco6qT,88.107.19.70,1/16/2017 15:30:02,1/16/2017 15:36:25,1,2,1,2,6,7,2,8,7,8,9,9,9,9,8,11, ,1,0,0,1,1,1,1,1,4,4,4,4,1,5,1,5,49,49,2,1,UK,4,1,50.415603637695,-5.0751953125,-1,0,4.33333333333333,1,5.33333333333333,8.5,6.6,-1,-1,1,0,0,8.33333333333333
10,R_e9ZiZ0ZH49Cif3H,86.1.224.108,1/16/2017 16:00:58,1/16/2017 16:11:52,1,4,1,6,4,5,5,7,5,6,7,7,6,2,5,11, ,5,0,0,3,3,3,3,3,3,4,3,3,3,3,3,3,20 years,20,2,1,England,4,1,50.396392822266,-4.1385955810547,-1,0,3.16666666666667,3,5.33333333333333,6,5.6,-1,-5,0,0,0,6
11,R_31R7hV5hblX9rac,85.255.235.212,1/16/2017 16:07:23,1/16/2017 16:13:53,1,2,2,8,9,6,9,9,8,9,9,9,9,6,9,11, ,9,0,0,4,3,5,3,2,4,5,4,4,1,5,2,4,42,42,2,1,United Kingdom,4,1,51.496398925781,-0.12240600585938,-1,0,4.33333333333333,3.4,8.16666666666667,9,8.5,-1,-9,0,0,0,9
16,R_3g6iAEP6INgKb1a,86.179.12.156,1/16/2017 17:39:29,1/16/2017 17:48:11,1,2,1,10,9,5,8,8,10,10,10,10,10,5,10,11, ,7,0,0,2,2,2,1,1,3,4,2,4,4,2,3,3,50,50,2,1,England,4,1,50.446395874023,-4.2696990966797,-1,0,3,1.6,8.33333333333333,10,9,-1,-7,1,0,0,10
19,R_1GQciuDpmP7cjaF,94.133.81.67,1/16/2017 18:48:00,1/16/2017 19:04:26,1,2,3,3,1,1,3,2,2,4,2,4,8,7,4,11, ,7,0,0,2,1,2,1,2,4,5,4,4,3,3,3,3,48,48,2,1,England,4,1,38.716705322266,-9.13330078125,-1,0,3.83333333333333,1.6,2,5,3.2,-1,-7,0,0,0,4
40,R_2V9FwcT6amnAtQa,76.182.76.25,1/17/2017 0:20:24,1/17/2017 0:27:53,1,2,1,8,3,8,4,7,8,5,4,5,7,2,5,1, ,6,0,0,3,3,3,3,2,4,2,2,2,4,2,4,2,22,22,2,1,USA,4,1,35.683807373047,-78.663597106934,-1,0,2.33333333333333,2.8,6.33333333333333,5.5,6,-1,-6,1,0,0,5
42,R_12lJVLHFHubH1jI,206.174.117.153,1/17/2017 0:08:36,1/17/2017 0:38:55,1,2,1,6,4,3,6,1,5,3,3,3,3,3,3,1, ,5,0,0,3,3,3,3,3,3,2,2,2,4,2,4,2,46,46,2,4,USA,4,1,64.931304931641,-146.6123046875,-1,0,2.16666666666667,3,4.16666666666667,3,3.7,-1,-5,1,0,0,3
43,R_1LjRfLsUYznyDhO,24.18.149.217,1/17/2017 0:39:31,1/17/2017 0:46:15,1,2,1,5,5,5,5,5,5,5,2,5,5,2,5,11, ,8,0,0,1,1,1,1,1,2,2,2,2,4,2,4,2,45,45,2,1,USA,4,1,47.294494628906,-122.62200164795,-1,0,2,1,5,5,5,-1,-8,1,0,0,5
48,R_31pBsb0aC2BxR24,174.102.74.54,1/17/2017 0:46:07,1/17/2017 0:53:48,1,2,1,8,5,8,8,8,7,5,4,3,6,4,3,2, ,8,0,0,2,2,2,2,2,1,1,1,1,5,1,5,1,36,36,2,1,United States,4,1,41.398895263672,-83.653900146484,-1,0,1,2,7.33333333333333,4.25,6.1,-1,-8,1,0,0,3.66666666666667
53,R_xEIsr2IyRqbvrG1,82.44.229.67,1/17/2017 1:08:21,1/17/2017 1:13:42,1,2,1,5,7,6,7,5,6,7,3,5,8,3,8,1, ,5,0,0,2,2,2,1,1,4,5,3,4,4,2,2,4,42,42,2,1,United Kingdom,4,1,51.398193359375,-0.19839477539062,-1,0,3.66666666666667,1.6,6,7,6.4,-1,-5,1,0,0,6.66666666666667
56,R_2ZU3kBj31emt7zg,73.37.229.145,1/17/2017 1:11:45,1/17/2017 1:20:15,1,2,3,5,4,4,6,1,3,6,7,6,6,3,6,2, ,10,0,0,1,1,1,2,1,2,1,1,2,3,3,4,2,34,34,2,1,USA,4,1,44.805404663086,-93.624801635742,-1,0,1.83333333333333,1.2,3.83333333333333,6,4.7,-1,-10,0,0,0,6
57,R_RLHVNy7YdbiEf5v,65.119.176.88,1/17/2017 1:02:09,1/17/2017 1:23:58,1,2,1,4,8,6,5,6,5,6,2,6,7,4,5,11, ,8,0,0,1,1,1,1,1,1,2,1,1,5,1,5,1,30,30,2,1,USA,4,1,47.87190246582,-97.150299072266,-1,0,1.16666666666667,1,5.66666666666667,6,5.8,-1,-8,1,0,0,5.66666666666667
63,R_XmNwkDCN7A5nvXP,70.178.31.29,1/17/2017 1:24:30,1/17/2017 1:30:57,1,2,3,3,2,2,3,3,3,3,3,4,4,2,3,11, ,8,0,0,3,3,3,3,3,3,3,3,3,3,3,3,3,26,26,2,1,US,4,1,36.188201904297,-94.237297058105,-1,0,3,3,2.66666666666667,3.5,3,-1,-8,0,0,0,3.33333333333333
64,R_XO3hOkCscp8vE1b,69.126.13.177,1/17/2017 1:28:29,1/17/2017 1:34:03,1,2,1,5,5,5,5,6,6,6,7,7,7,3,7,1, ,6,0,0,3,3,3,3,3,2,2,2,3,4,2,4,2,35,35,2,1,US,4,1,40.821701049805,-74.157402038574,-1,0,2.16666666666667,3,5.33333333333333,6.75,5.9,-1,-6,1,0,0,6.66666666666667
65,R_2bCdywAXqQGBPiN,104.34.203.222,1/17/2017 1:26:08,1/17/2017 1:34:50,1,4,1,6,7,6,6,6,7,4,4,5,6,8,5,2, ,3,0,0,4,3,4,4,5,4,4,3,3,2,4,2,4,26,26,2,1,United States of America,4,1,34.232192993164,-118.34480285645,-1,0,3.66666666666667,4,6.33333333333333,5,5.8,-1,-3,0,0,0,4.66666666666667
66,R_2TtI1gkjgbsanT1,70.66.50.93,1/17/2017 1:31:28,1/17/2017 1:36:55,1,2,3,7,5,4,8,6,9,2,2,3,4,1,4,1, ,1,0,0,2,1,1,1,1,2,4,1,1,5,1,5,1,22,22,2,1,Canada,4,1,49.160903930664,-123.98249816895,-1,0,1.66666666666667,1.2,6.5,3.25,5.2,-1,-1,0,0,0,3
68,R_8cD9pddZWvDwaaJ,82.17.189.20,1/17/2017 1:30:44,1/17/2017 1:40:39,1,2,1,3,1,5,3,3,3,5,1,1,5,2,7,11, ,3,0,0,1,1,1,1,1,3,3,3,3,4,2,4,2,25,25,2,1,England,4,1,51.75,-1.25,-1,0,2.66666666666667,1,3,4.5,3.6,-1,-3,1,0,0,4.33333333333333
76,R_3k5R1USY03T3ACU,107.77.87.129,1/17/2017 1:50:48,1/17/2017 1:56:31,1,2,1,5,7,8,6,6,7,10,6,6,10,7,7,2, ,10,0,0,1,1,1,1,1,1,1,1,1,5,1,5,1,27,27,2,1,United States,4,1,41.848297119141,-87.651702880859,-1,0,1,1,6.5,8.25,7.2,-1,-10,1,0,0,7.66666666666667
79,R_1gnjynDfWXbgboo,73.55.20.192,1/17/2017 1:55:59,1/17/2017 2:04:08,1,2,1,7,3,6,6,6,7,6,1,6,4,5,4,11, ,7,0,0,1,1,1,1,1,4,4,2,3,2,4,2,4,24,24,2,1,United States,4,1,27.310104370117,-82.52140045166,-1,0,3.5,1,5.83333333333333,5,5.5,-1,-7,1,0,0,5.33333333333333
81,R_ZftN64XuD6gR3AR,75.171.186.105,1/17/2017 2:07:54,1/17/2017 2:24:30,1,2,1,4,4,3,4,6,5,5,5,3,4,7,3,11, ,10,0,0,1,1,1,1,1,1,1,2,2,2,4,4,2,33,33,2,1,United States of America,4,1,39.72900390625,-104.95279693604,-1,0,2,1,4.33333333333333,3.75,4.1,-1,-10,1,0,0,3.66666666666667
82,R_pyiRAcBy2G8ibsJ,128.250.0.126,1/17/2017 2:11:22,1/17/2017 2:27:02,1,2,1,6,5,5,3,4,4,4,4,4,3,8,4,2, ,8,0,0,1,1,1,1,1,1,1,1,1,5,1,5,1,34,34,2,1,Australia,4,1,-37.810302734375,144.95440673828,-1,0,1,1,4.5,3.75,4.2,-1,-8,1,0,0,4
83,R_1H12lacCRmchXWb,75.68.186.222,1/17/2017 2:22:19,1/17/2017 2:33:52,1,2,1,9,6,5,7,4,6,7,3,5,6,5,5,1,Humanist,8,0,0,1,3,3,1,1,3,1,1,3,3,3,5,1, , ,2,1,USA,4,1,43.898803710938,-69.972503662109,-1,0,2,1.8,6.16666666666667,5.75,6,-1,-8,1,0,0,5.66666666666667
84,R_10SFpRQniuz6TMf,75.132.164.94,1/17/2017 2:27:25,1/17/2017 2:34:44,1,2,1,6,3,3,6,3,6,3,3,3,5,8,3,2, ,10,0,0,2,1,1,1,1,3,3,1,2,4,2,4,2,38,38,2,1,USA,4,1,38.512100219727,-89.899803161621,-1,0,2.16666666666667,1.2,4.5,3.5,4.1,-1,-10,1,0,0,3
91,R_9uXF2QHntKqIqUp,23.115.230.111,1/17/2017 2:40:01,1/17/2017 2:47:32,1,2,1,6,4,6,3,3,5,5,2,5,7,3,3,1, ,9,0,0,1,1,1,1,1,1,1,1,1,4,2,5,1,35,35,2,1,USA,4,1,43.08039855957,-88.259201049805,-1,0,1.16666666666667,1,4.5,5,4.7,-1,-9,1,0,0,4.33333333333333
98,R_1q3r5FOsYUMERtx,70.199.151.228,1/17/2017 3:06:52,1/17/2017 3:15:50,1,2,1,5,3,3,4,2,3,2,2,2,3,4,2,2, ,8,0,0,1,1,1,1,1,4,4,4,4,1,5,1,5,32,32,2,1,USA,3,1,47.606201171875,-122.33209991455,-1,0,4.33333333333333,1,3.33333333333333,2.25,2.9,-1,-8,1,0,0,2
99,R_2vicdZp9fRoTIWY,216.15.52.114,1/17/2017 3:11:55,1/17/2017 3:17:27,1,2,1,5,3,2,5,2,3,5,3,4,6,5,5,11, ,8,0,0,1,1,1,1,1,3,3,3,3,3,3,3,3,30,30,2,4,United States,4,1,38.914398193359,-77.076301574707,-1,0,3,1,3.33333333333333,5,4,-1,-8,1,0,0,4.66666666666667
101,R_T6mDqgIXbTmqTHr,68.52.19.35,1/17/2017 3:14:52,1/17/2017 3:27:42,1,2,1,5,7,6,7,7,4,3,1,3,4,2,3,2, ,10,0,0,1,1,1,1,1,4,5,3,3,2,4,4,2,24,24,2,1,USA,4,1,36.178405761719,-86.644599914551,-1,0,3.5,1,6,3.25,4.9,-1,-10,1,0,0,3
105,R_3nirZlmOZxorzdM,166.137.126.92,1/17/2017 3:21:03,1/17/2017 3:35:27,1,2,1,6,5,5,8,7,5,8,5,9,8,3,8,1, ,8,0,0,3,2,2,3,2,3,4,2,3,3,3,3,3,33,33,2,1,United States,4,1,32.778701782227,-96.821701049805,-1,0,3,2.4,6,8.25,6.9,-1,-8,1,0,0,8.33333333333333
115,R_2a8IS7BlfrdrevN,75.172.50.209,1/17/2017 6:47:25,1/17/2017 6:52:59,1,2,1,9,3,3,5,3,5,4,3,5,4,10,4,2, ,8,0,0,1,1,1,3,1,1,1,1,1,5,1,5,1,30,30,2,1,USA,4,1,47.673797607422,-122.34190368652,-1,0,1,1.4,4.66666666666667,4.25,4.5,-1,-8,1,0,0,4.33333333333333
117,R_1DvRfBHCqp4qLkJ,71.93.125.51,1/17/2017 7:24:21,1/17/2017 7:34:19,1,2,3,5,6,5,5,4,4,8,7,6,8,4,6,11, ,8,0,0,2,2,2,3,3,3,3,3,3,3,3,4,2,22,22,2,4,Usa,4,1,34.1748046875,-117.87509918213,-1,0,2.83333333333333,2.4,4.83333333333333,7,5.7,-1,-8,0,0,0,6.66666666666667
123,R_5ikkTIVaQhO6yZP,24.143.95.35,1/17/2017 8:01:35,1/17/2017 8:08:50,1,2,1,3,2,3,3,4,4,4,5,4,5,7,5,1, ,8,0,0,2,2,2,3,3,2,1,2,2,4,2,5,1,37,37,2,4,USA,4,1,47.610305786133,-122.33409881592,-1,0,1.66666666666667,2.4,3.16666666666667,4.5,3.7,-1,-8,1,0,0,4.33333333333333
130,R_3qX14hhjnXf2jWu,122.61.108.153,1/17/2017 9:42:48,1/17/2017 9:52:04,1,2,1,8,6,6,8,5,7,6,2,6,9,3,5,2, ,3,0,0,2,2,3,2,2,2,2,2,3,4,2,4,2,33,33,2,1,New Zealand,4,1,-45.900405883789,170.42590332031,-1,0,2.16666666666667,2.2,6.66666666666667,6.5,6.6,-1,-3,1,0,0,5.66666666666667
135,R_9NYkfItoTqsVdf3,74.134.29.37,1/17/2017 11:07:54,1/17/2017 11:16:53,1,2,1,6,5,5,6,6,5,6,2,5,7,6,5,1, ,7,0,0,3,2,3,2,3,3,4,3,2,3,3,4,2,27,27,2,1,USA,4,1,38.004699707031,-84.533401489258,-1,0,2.83333333333333,2.6,5.5,5.75,5.6,-1,-7,1,0,0,5.33333333333333
137,R_0TWqEDUZenInWdr,58.104.65.67,1/17/2017 11:39:54,1/17/2017 11:45:28,1,1,1,2,1,2,2,2,2,1,1,1,1,6,1,2, ,10,0,0,1,1,1,1,1,2,1,1,1,5,1,5,1,21,21,2,1,Australia,4,1,-27.423004150391,153.1510925293,-1,0,1.16666666666667,1,1.83333333333333,1,1.5,-1,-10,0,0,0,1
139,R_3dDOjKoGRN8I2Fr,138.199.73.243,1/17/2017 12:00:09,1/17/2017 12:16:58,1,2,4,9,4,5,6,6,8,8,3,4,5,5,5,1, ,4,0,0,2,1,2,1,3,1,2,1,2,4,2,4,2,33,33,2,1,China,4,1,52.350006103516,4.9167022705078,-1,0,1.66666666666667,1.8,6.33333333333333,5.5,6,-1,-4,0,0,0,5.66666666666667
141,R_2sdoL4wFvgBMqe8,24.192.27.183,1/17/2017 12:13:53,1/17/2017 12:32:23,1,2,1,6,8,7,7,8,8,5,7,7,7,3,7,1, ,5,0,0,3,3,4,3,3,5,5,5,5,1,5,1,5,26,26,2,1,USA,4,1,42.489501953125,-83.141899108887,-1,0,5,3.2,7.33333333333333,6.5,7,-1,-5,1,0,0,6.33333333333333
142,R_1eL8UlZnSMeAdun,76.164.121.126,1/17/2017 12:38:00,1/17/2017 12:43:16,1,2,3,4,3,3,3,3,3,6,3,2,3,2,6,11, ,10,0,0,1,1,1,1,1,1,3,1,3,5,1,5,1,35,35,2,1,United States,4,1,30.308303833008,-95.674697875977,-1,0,1.66666666666667,1,3.16666666666667,4.25,3.6,-1,-10,0,0,0,4.66666666666667
145,R_ehA6bDDYW0HYLlL,98.218.43.127,1/17/2017 12:36:47,1/17/2017 12:45:43,1,2,1,8,8,8,6,8,6,9,5,8,8,6,9,1, ,7,0,0,2,2,2,4,2,2,2,2,2,4,2,4,2,29,29,2,1,USA,4,1,39.355499267578,-76.635498046875,-1,0,2,2.4,7.33333333333333,8.5,7.8,-1,-7,1,0,0,8.66666666666667
146,R_3qyh7PmkHxuFBB9,161.23.175.251,1/17/2017 12:40:21,1/17/2017 12:46:58,1,2,1,4,1,2,4,2,2,2,1,4,1,5,3,11, ,7,0,0,2,1,1,3,2,2,2,2,2,4,2,4,2,29,29,2,1,UK,4,1,51.509201049805,-0.095504760742188,-1,0,2,1.8,2.5,2.5,2.5,-1,-7,1,0,0,3
148,R_2YsIS3OQdfEa1FE,90.221.86.44,1/17/2017 12:49:47,1/17/2017 12:56:14,1,2,1,9,8,7,8,9,9,10, ,9,9,7,9,1, ,8,0,0,2,1,1,2,1,3,3,3,4,4,2,4,2,27,27,2,1,Scotland,4,1,55.830093383789,-4.2528991699219,-1,0,2.83333333333333,1.4,8.33333333333333,9.25,8.7,-1,-8,1,0,0,9.33333333333333
150,R_1dLzfaMQ3YjSVw4,66.87.68.179,1/17/2017 13:03:42,1/17/2017 13:09:20,1,2,1,5,7,6,5,5,5,7,1,7,7,4,5,1, ,4,0,0,2,1,1,1,1,4,4,4,4,2,4,2,4,29,29,2,1,United States,4,1,33.465194702148,-112.04969787598,-1,0,4,1.2,5.5,6.5,5.9,-1,-4,1,0,0,6.33333333333333
158,R_2eaqQgtWjv7HHmK,208.107.239.224,1/17/2017 14:04:37,1/17/2017 14:11:12,1,2,1,9,8,8,8,7,7,8,5,6,7,5,7,1, ,8,0,2,4,2,2,4,2,2,2,2,2,4,2,4,2,28,28,2,1,United States,4,1,43.471099853516,-96.59700012207,-1,0,2,2.8,7.83333333333333,7,7.5,-1,-8,1,0,0,7
159,R_3JEH0sjJ6lLtkmG,50.108.191.40,1/17/2017 14:09:24,1/17/2017 14:14:18,1,2,1,6,5,6,6,7,6,5,1,6,8,4,7,2, ,5,0,0,1,1,1,1,1,2,3,1,1,5,1,5,1,21,21,2,1,United States,4,1,43.185806274414,-77.602401733398,-1,0,1.5,1,6,6.5,6.2,-1,-5,1,0,0,6
165,R_2cu477LosyU81SD,73.114.33.176,1/17/2017 12:24:31,1/17/2017 15:40:16,1,2,3,3,3,3,3,3,3,5,6,4,6,4,5,1, ,5,0,0,3,2,2,3,2,4,2,2,4,3,3,2,4,41,41,2,1,United States of America,4,1,42.708404541016,-71.143501281738,-1,0,3.16666666666667,2.4,3,5,3.8,-1,-5,0,0,0,4.66666666666667
167,R_24eIrRZu6Rr40iw,169.228.98.13,1/17/2017 16:38:33,1/17/2017 16:43:03,1,2,1,7,7,7,6,8,8,5,1,4,8,2,7,1, ,5,0,0,2,2,2,2,3,2,3,2,3,4,2,5,1,22,22,2,1,USA,4,1,32.880706787109,-117.23590087891,-1,0,2.16666666666667,2.2,7.16666666666667,6,6.7,-1,-5,1,0,0,5.33333333333333
173,R_1ikheUzENO77voK,75.189.43.31,1/17/2017 18:00:31,1/17/2017 18:10:12,1,2,1,7,5,5,7,6,6,7,5,7,8,1,7,11, ,8,0,0,2,2,2,1,2,2,2,2,1,4,2,4,2,34,34,2,1,United States of America,4,1,33.870407104492,-80.460403442383,-1,0,1.83333333333333,1.8,6,7.25,6.5,-1,-8,1,0,0,7
176,R_1MJV9HI3rKQ5gWg,71.63.206.94,1/17/2017 18:43:30,1/17/2017 18:48:59,1,2,1,5,5,4,5,6,4,5,3,5,5,3,4,2, ,6,0,0,1,1,1,1,1,1,1,1,1,5,1,5,1,36,36,2,1,Us,4,1,45.450897216797,-122.69619750977,-1,0,1,1,4.83333333333333,4.75,4.8,-1,-6,1,0,0,4.66666666666667
178,R_bBJf7WzUYnX6WnT,98.157.250.52,1/17/2017 19:04:22,1/17/2017 19:08:52,1,2,3,3,3,3,3,5,4,4,4,4,7,8,5,1, ,4,0,0,2,2,2,3,2,3,2,2,3,4,2,4,2, , ,2,1,USA,4,1,39.466201782227,-87.314796447754,-1,0,2.33333333333333,2.2,3.5,5,4.1,-1,-4,0,0,0,4.33333333333333
180,R_w5ZtNAl92hqX3j3,96.95.186.50,1/17/2017 19:25:48,1/17/2017 19:31:13,1,2,1,9,8,8,7,5,9,9,5,7,9,5,8,11, ,10,0,0,2,2,2,4,2,2,4,2,2,3,3,3,3,27,27,2,1,usa,4,1,42.538803100586,-72.603103637695,-1,0,2.66666666666667,2.4,7.66666666666667,8.25,7.9,-1,-10,1,0,0,8
184,R_10TSYvvcH96dFdn,31.48.148.249,1/17/2017 21:03:07,1/17/2017 21:16:04,1,2,1,7,5,7,7,8,7,6,1,6,8,3,7,2, ,10,0,0,1,1,1,1,1,1,3,1,1,5,1,5,1,35,35,2,1,ENGLAND,4,1,50.835906982422,-0.18840026855469,-1,0,1.33333333333333,1,6.83333333333333,6.75,6.8,-1,-10,1,0,0,6.33333333333333
185,R_yKHk30Hjx9DFFkd,151.231.149.229,1/17/2017 21:09:05,1/17/2017 21:16:50,1,2,1,2,4,2,3,6,1,2,1,1,1,9,3,1, ,9,0,0,1,1,1,1,1,3,4,2,3,2,4,4,2,32,32,2,1,Wales,4,1,51.600006103516,-3.7832946777344,-1,0,3,1,3,1.75,2.5,-1,-9,1,0,0,2
195,R_2rMZMvAc696v8Dv,73.90.209.112,1/18/2017 4:28:31,1/18/2017 4:46:36,1,2,3,8,3,7,5,2,8,4,1,3,4,3,3,1, ,7,0,0,2,2,2,1,2,2,2,1,2,4,2,4,2,35,35,2,1,United States,4,1,38.682098388672,-121.34820556641,-1,0,1.83333333333333,1.8,5.5,3.5,4.7,-1,-7,0,0,0,3.33333333333333
197,R_a9GvrRdtcWDg0cV,86.183.239.123,1/18/2017 10:23:03,1/18/2017 10:34:29,1,2,1,7,4,6,5,1,7,6,1,3,4,4,7,11, ,10,0,0,1,1,1,1,1,1,2,1,2,5,1,5,1,26,26,2,1,UK,4,1,51.5,-0.016693115234375,-1,0,1.33333333333333,1,5,5,5,-1,-10,1,0,0,5.33333333333333
199,R_3PbPPYoHHevfzpw,108.2.175.165,1/18/2017 14:59:28,1/18/2017 15:09:59,1,2,1,3,4,5,4,4,4,2,1,4,6,5,5,2, ,10,0,0,1,1,1,1,1,2,3,1,1,5,1,5,1,29,29,2,1,usa,4,1,39.912292480469,-75.153297424316,-1,0,1.5,1,4,4.25,4.1,-1,-10,1,0,0,3.66666666666667
200,R_1LNYXhcYUG9TNOO,136.159.49.116,1/17/2017 23:06:12,1/18/2017 20:14:04,1,2,3,4,4,4,4,3,4,3,1,2,4,6,3,1, ,8,0,0,2,3,3,3,3,3,3,3,3,2,4,3,3,35,35,2,1,Canada,4,1,51.062103271484,-114.11589813232,-1,0,3.16666666666667,2.8,3.83333333333333,3,3.5,-1,-8,0,0,0,2.66666666666667
204,R_1fa9c4Gx6Lk7r45,134.83.1.242,1/16/2017 16:16:46,1/16/2017 16:30:06,0,2,1,8,4,3,6,3,7,3,2,4,4,4,4,2, ,8,0,0,2,2,2,2,2,2,4,2,2,4,2,4,2,22,22,2,1,England,4, , , ,-1,0,2.33333333333333,2,5.16666666666667,3.75,4.6,-1,-8,1,0,0,3.66666666666667
205,R_PHUC02v6bHhkL7j,77.99.78.127,1/16/2017 14:58:01,1/16/2017 18:07:59,0,2,1,2,4,4,2,3,4,3,3,2,3,3,3,11, ,8,0,0,2,2,2,2,2,2,2,2,2,4,2,4,2,23,23,2,1,Uk,4, , , ,-1,0,2,2,3.16666666666667,2.75,3,-1,-8,1,0,0,2.66666666666667
207,R_VJXYSxDB5tWoUCZ,24.176.108.70,1/16/2017 23:51:13,1/16/2017 23:58:23,0,2,1,7,8,8,6,8,7,10,4,6,8,1,10,2, ,7,0,0,2,2,2,1,1,3,4,3,2,3,3,4,2,27,27,2,1,USA,4, , , ,-1,0,2.83333333333333,1.6,7.33333333333333,8.5,7.8,-1,-7,1,0,0,8.66666666666667
210,R_06BaaGnV1zs2T5L,24.8.56.184,1/17/2017 0:58:58,1/17/2017 1:09:22,0,2,3,7,6,4,8,5,8,8,1,8,5,4,9,2, ,10,0,0,1,1,1,1,1,1,1,1,1,5,1,5,1,31,31,2,1,USA,4, , , ,-1,0,1,1,6.33333333333333,7.5,6.8,-1,-10,0,0,0,8.33333333333333
211,R_26gzGrTQ6wCPmM7,64.222.250.15,1/17/2017 1:05:50,1/17/2017 1:11:35,0,2,1,7,6,7,7,6,6,7,4,6,7,7,6,2, ,9,0,0,1,1,1,1,1,3,2,1,1,4,2,4,2,49,49,2,1,US,4, , , ,-1,0,1.83333333333333,1,6.5,6.5,6.5,-1,-9,1,0,0,6.33333333333333
212,R_eeQaEKjJq1aB13X,172.56.38.161,1/17/2017 1:27:28,1/17/2017 1:32:28,0,2,3,3,1,2,3,1,3,5,2,2,2,3,5,11, ,8,0,0,1,1,1,3,1,2,1,1,3,4,2,5,1,46,46,2,1,Usa,4, , , ,-1,0,1.66666666666667,1.4,2.16666666666667,3.5,2.7,-1,-8,0,0,0,4
215,R_3O9wuYhTS1YDVw9,98.144.177.66,1/17/2017 1:49:27,1/17/2017 1:53:06,0,2,3,2,1,2,2,1,2,4,2,1,4,7,3,2, ,8,0,0,1,1,1,1,1,1,1,1,2,5,1,5,1,34,34,2,1,United States,4, , , ,-1,0,1.16666666666667,1,1.66666666666667,3,2.2,-1,-8,0,0,0,2.66666666666667
221,R_3Ho7LAtl25URM1h,174.30.223.53,1/17/2017 1:57:58,1/17/2017 2:04:10,0,2,1,6,6,5,5,7,5,8,5,7,9,1,7,1, ,8,0,0,2,1,1,1,1,2,2,2,2,4,2,4,2,25,25,2,1,United States,4, , , ,-1,0,2,1.2,5.66666666666667,7.75,6.5,-1,-8,1,0,0,7.33333333333333
226,R_33Dq4UeZWPrRTqJ,174.198.16.144,1/17/2017 2:11:01,1/17/2017 2:29:40,0,2,1,8,5,5,7,3,3,6,4,4,5,4,7,1, ,7,0,0,3,3,3,4,2,2,2,1,3,5,1,5,1,34,34,2,1,United States,4, , , ,-1,0,1.66666666666667,3,5.16666666666667,5.5,5.3,-1,-7,1,0,0,5.66666666666667
232,R_2y1uA3gB9lrlFFh,73.235.201.58,1/17/2017 3:22:59,1/17/2017 3:30:37,0,2,3,8,7,7,7,7,5,8,5,7,7,2,5,2, ,8,0,0,2,2,2,3,1,3,1,1,2,5,1,5,1,47,47,2,1,US,4, , , ,-1,0,1.5,2,6.83333333333333,6.75,6.8,-1,-8,0,0,0,6.66666666666667
233,R_2bK8GcJtLaZpVNP,192.180.220.151,1/17/2017 3:52:41,1/17/2017 4:01:37,0,2,1,7,3,5,7,8,7,6,8,4,5,2,5,11, ,1,0,0,2,1,1,1,3,1,1,1,1,5,1,5,1,25,25,2,1,United States,3, , , ,-1,0,1,1.6,6.16666666666667,5,5.7,-1,-1,1,0,0,5
236,R_31o25RBqGRL0cVe,66.87.118.153,1/17/2017 4:49:27,1/17/2017 4:56:44,0,2,3,7,3,3,5,3,3,6,2,3,6,6,3,11, ,7,0,0,1,1,1,1,1,4,1,3,2,2,4,4,2,28,28,2,4,United States,4, , , ,-1,0,2.66666666666667,1,4,4.5,4.2,-1,-7,0,0,0,4
242,R_3HhNHmF2X0Rrn79,73.253.140.117,1/17/2017 10:53:21,1/17/2017 11:04:11,0,2,1,3,4,5,3,6,4,7,6,6,7,3,6,2, ,9,0,0,2,1,1,3,1,3,4,2,4,4,2,5,1,35,35,2,1,USA,4, , , ,-1,0,2.66666666666667,1.6,4.16666666666667,6.5,5.1,-1,-9,1,0,0,6.33333333333333
251,R_1QgEhgVbhJTkg4e,82.24.21.43,1/17/2017 18:26:53,1/17/2017 18:34:53,0,2,1,8,7,7,7,8,6,8,6,6,6,4,6,2, ,10,0,0,1,1,1,1,1,3,4,4,4,4,2,3,3,39,39,2,1,England,4, , , ,-1,0,3.33333333333333,1,7.16666666666667,6.5,6.9,-1,-10,1,0,0,6.66666666666667
261,R_1q8otGyk2dzyc5Y,65.117.67.217,1/17/2017 4:01:01,1/17/2017 22:10:02,0,2,1,9,7,8,9,8,8,8,2,5,6,6,6,11, ,8,0,0,2,1,2,2,2,2,4,2,3,4,2,4,2,23,23,2,1,USA,4, , , ,-1,0,2.5,1.8,8.16666666666667,6.25,7.4,-1,-8,1,0,0,6.33333333333333
262,R_6fKSUko7voH90aZ,94.4.243.191,1/17/2017 22:37:48,1/17/2017 22:43:15,0,2,3,5,5,5,5,5,5,5,5,5,5,6,5,1, ,1,0,0,1,1,1,1,1,2,3,2,3,3,3,3,3,36,36,2,1,UK,4, , , ,-1,0,2.66666666666667,1,5,5,5,-1,-1,0,0,0,5
29,R_3MuJDn1X2QYwBzH,107.13.174.6,1/16/2017 23:53:50,1/16/2017 23:59:22,1,2,1,4,3,2,3,2,2,5,2,4,5,4,7,4, ,7,0,1,3,3,3,2,2,2,2,1,3,4,2,4,2,40,40,1,1,usa,4,1,35.746307373047,-78.723899841309,-1,0,2,2.6,2.66666666666667,5.25,3.7,1,7,1,0,0,5.33333333333333
51,R_22IVJ7u1IVWlyIi,174.221.1.225,1/17/2017 0:53:30,1/17/2017 1:10:43,1,2,1,5,2,2,4,1,3,5,3,4,6,6,6,4, ,8,3,3,5,3,5,1,5,1,4,1,3,5,1,3,3,26,26,1,1,United States,4,1,41.844604492188,-87.717102050781,-1,0,2.16666666666667,3.8,2.83333333333333,5.25,3.8,1,8,1,0,0,5
164,R_3hbwLRJxOV2cxgq,188.29.164.3,1/17/2017 15:29:56,1/17/2017 15:40:14,1,4,2,4,5,7,7,5,6,6,8,6,7,3,7,10, ,8,0,2,3,3,3,4,4,2,4,1,4,4,2,5,1,65,65,1,1,Uk,4,1,51.583297729492,-0.11669921875,-1,0,2.33333333333333,3.4,5.66666666666667,6.5,6,1,8,0,0,0,6.33333333333333
190,R_3nCzPssuOCXa1ZY,94.14.116.197,1/17/2017 21:30:52,1/17/2017 23:16:35,1,2,1,7,3,5,7,5,5,3,1,2,3,7,2,10, ,3,0,0,3,3,3,3,3,3,2,1,1,4,2,5,1,33,33,1,5,England,4,1,51.5,-3.1999969482422,-1,0,1.66666666666667,3,5.33333333333333,2.5,4.2,1,3,1,0,0,2.33333333333333
266,R_1GVrqPkauUPBgl6,92.233.35.4,1/22/2017 18:54:31,1/22/2017 19:08:04,0,2,3,7,7,7,7,8,8,7,7,7,7,5,6,4, ,4,0,0,3,3,3,1,1,4,4,3,4,3,3,3,3,57,57,1,1,u.k.,4, , , ,-1,0,3.5,2.2,7.33333333333333,6.75,7.1,1,4,0,0,0,6.66666666666667
7,R_2zcC7DxQFrErAg5,31.205.174.1,1/16/2017 15:48:13,1/16/2017 15:58:05,1,2,1,7,8,7,8,6,7,7,4,4,6,4,6,10, ,5,0,0,2,2,2,2,2,4,4,4,4,2,4,2,4,20,20,2,1,U.K.,4,1,51.479995727539,-3.1799926757812,-1,0,4,2,7.16666666666667,5.75,6.6,1,5,1,0,0,5.66666666666667
13,R_2ZPML7MUkHZ9cPp,86.1.224.108,1/16/2017 16:14:22,1/16/2017 16:45:36,1,2,3,8,10,10,9,10,7,10,10,9,10,1,9,4, ,5,0,0,4,4,3,3,4,4,5,4,5,2,4,3,3,47,47,2,1,England,4,1,50.396392822266,-4.1385955810547,-1,0,4.16666666666667,3.6,9,9.5,9.2,1,5,0,0,0,9.33333333333333
14,R_3mfziVHq5VWoh6r,109.148.169.55,1/16/2017 16:51:59,1/16/2017 17:01:47,1,2,1,8,7,6,8,9,6,9,10,10,9,6,8,4, ,1,0,0,1,1,1,1,1,4,5,1,5,2,4,2,4,47,47,2,1,England,4,1,50.446395874023,-4.2696990966797,-1,0,3.83333333333333,1,7.33333333333333,9,8,1,1,1,0,0,9
22,R_2zBJhv83x6oxVx6,90.218.77.11,1/16/2017 22:16:16,1/16/2017 22:25:55,1,2,3,3,2,4,2,5,2,8,5,10,7,2,9,10, ,3,0,0,3,1,1,1,1,4,5,1,2,2,4,5,1,26,26,2,1,Uk,4,1,50.396392822266,-4.1385955810547,-1,0,2.83333333333333,1.4,3,8.5,5.2,1,3,0,0,0,9
23,R_1gkmfJ88udDxf6C,86.22.2.141,1/16/2017 22:44:01,1/16/2017 22:52:24,1,2,1,10,8,7,10,7,8,7,4,7,8,4,8,10, ,5,0,0,2,1,1,1,2,3,4,4,4,3,3,3,3,36,36,2,1,England,4,1,50.396392822266,-4.1385955810547,-1,0,3.5,1.4,8.33333333333333,7.5,8,1,5,1,0,0,7.33333333333333
24,R_1oHM6fXTQnOiD87,24.45.135.201,1/16/2017 23:41:05,1/16/2017 23:46:46,1,2,3,4,2,4,4,2,5,4,1,2,3,2,3,10, ,4,0,0,4,4,4,2,4,2,4,2,2,2,4,4,2,50,50,2,1,USA,4,1,40.906402587891,-74.665802001953,-1,0,2.66666666666667,3.6,3.5,3,3.3,1,4,0,0,0,3
26,R_UWnVWQ4zdP7ZvsB,76.230.48.66,1/16/2017 23:49:20,1/16/2017 23:55:25,1,2,1,7,6,6,7,5,6,7,7,7,8,4,7,9, ,7,1,1,2,1,1,4,3,4,4,2,3,3,3,4,2,30,30,2,1,USA,4,1,37.834197998047,-122.28970336914,-1,0,3,2.2,6.16666666666667,7.25,6.6,1,7,1,0,0,7
30,R_bx6rq5TtX34Mnyp,108.45.116.147,1/16/2017 23:52:11,1/16/2017 23:59:23,1,2,3,7,6, ,5,7,6,8,8,7,7,5,7,4, ,9,4,1,5,4,5,4,5,4,4,3,2,2,4,3,3,24,24,2,1,United States,4,1,38.951995849609,-77.019996643066,-1,0,3.33333333333333,4.6, ,7.25, ,1,9,0,0,0,7.33333333333333
32,R_1LZLgqKPvq3SLci,47.204.225.121,1/16/2017 23:55:05,1/17/2017 0:02:18,1,2,3,6, ,7,7,7, ,8,7,6,7,3,5,4, ,10,0,5,4,3,4,4,4,3,4,3,3,3,3,3,3,36,36,2,1,US,4,1,28.152099609375,-82.523002624512,-1,0,3.16666666666667,3.8, ,6.5, ,1,10,0,0,0,6.33333333333333
33,R_1joAKf9ewOCatFd,96.2.162.203,1/16/2017 23:58:23,1/17/2017 0:04:04,1,2,4,5,7,6,5,7,5,7,5,7,7,4,7,10, ,8,0,1,4,3,4,3,4,3,4,2,4,3,3,4,2,41,41,2,1,United States,4,1,47.503601074219,-94.684997558594,-1,0,3,3.6,5.83333333333333,7,6.3,1,8,0,0,0,7
35,R_3iqWKsmjWO6Ey1l,172.56.6.218,1/17/2017 0:03:20,1/17/2017 0:10:39,1,2,1,5,4,5,5,5,4,6,3,5,5,6,5,4, ,5,1,1,4,4,4,4,4,3,2,2,4,2,4,2,4,26,26,2,5,United States,4,1,32.778701782227,-96.821701049805,-1,0,3.16666666666667,4,4.66666666666667,5.25,4.9,1,5,1,0,0,5.33333333333333
39,R_PZBzqicVoEvI8xz,98.244.38.204,1/17/2017 0:11:54,1/17/2017 0:21:47,1,2,1,4,3,3,4,6,6,8,7,1,8,4,7,4, ,9,0,1,5,4,4,4,5,4,3,3,4,2,4,2,4,32,32,2,1,USA,4,1,38.626205444336,-121.32479858398,-1,0,3.66666666666667,4.4,4.33333333333333,6,5,1,9,1,0,0,5.33333333333333
58,R_23aCdekTRyVu9xd,68.197.6.38,1/17/2017 1:18:27,1/17/2017 1:25:54,1,2,3,6,6,6,6,5,4,8,2,5,8,3,8,6, ,6,0,3,4,3,3,4,2,3,4,4,5,3,3,3,3,24,24,2,1,US,4,1,40.790405273438,-74.024597167969,-1,0,3.66666666666667,3.2,5.5,7.25,6.2,1,6,0,0,0,7
61,R_30q2WnxFMhwSBGp,86.133.193.25,1/17/2017 1:17:22,1/17/2017 1:30:26,1,2,1,5,5,6,5,6,5,5,3,8,6,1,6,10, ,5,0,0,3,4,3,3,3,4,5,4,4,2,4,1,5,27,27,2,1,England,4,1,50.396392822266,-4.1385955810547,-1,0,4.33333333333333,3.2,5.33333333333333,6.25,5.7,1,5,1,0,0,6.33333333333333
71,R_3r3dBMT3YksLgCf,75.70.139.146,1/17/2017 1:45:32,1/17/2017 1:50:52,1,2,1,6,2,2,3,3,5,4,2,3,4,8,4,9, ,6,0,0,2,2,1,3,2,4,4,2,4,4,2,3,3,24,24,2,1,United States,4,1,39.705505371094,-104.96640014648,-1,0,3.16666666666667,2,3.5,3.75,3.6,1,6,1,0,0,3.66666666666667
75,R_1ezqHN9EurFOLQl,73.172.160.15,1/17/2017 1:45:45,1/17/2017 1:55:32,1,2,1,5,5,5,5,5,5,5,5,5,6,2,4,6, ,6,1,0,4,3,4,4,4,4,4,4,4,2,4,2,4,26,26,2,4,USA,4,1,39.052597045898,-77.121002197266,-1,0,4,3.8,5,5,5,1,6,1,0,0,4.66666666666667
77,R_3iCsqt8JY8WrD4F,70.106.235.105,1/17/2017 1:53:42,1/17/2017 1:58:51,1,2,1,8,6,6,8,6,6,6,5,5,6,3,5,4, ,5,0,1,3,3,3,3,3,3,1,1,2,4,2,4,2,41,41,2,1,U.S.,4,1,39.018005371094,-77.539001464844,-1,0,1.83333333333333,3,6.66666666666667,5.5,6.2,1,5,1,0,0,5.33333333333333
85,R_1MJKwSAktCvR3qv,47.209.75.149,1/17/2017 2:26:35,1/17/2017 2:36:29,1,2,1,5,2,6,5,4,4,7,4,7,10,1,7,4, ,-99,7,4,5,3,5,4,5,2,4,2,1,4,2,4,2,30,30,2,1,U.S.A.,4,1,30.233306884766,-93.201499938965,-1,0,2.16666666666667,4.4,4.33333333333333,7.75,5.7,1,-99,1,0,0,7
87,R_1gdyY95Ry1lJr7n,107.77.89.15,1/17/2017 2:34:24,1/17/2017 2:38:53,1,2,1,3,1,1,3,1,3,3,3,1,3,5,1,10, ,5,2,2,3,2,3,4,3,3,3,1,4,3,3,5,1,18,18,2,4,United States,4,1,41.848297119141,-87.651702880859,-1,0,2.5,3,2,2,2,1,5,1,0,0,1.66666666666667
92,R_aY19ucPpFJgb16h,184.96.141.186,1/17/2017 2:43:51,1/17/2017 2:50:18,1,2,1,8,6,8,7,9,9,7,4,7,9,8,7,9, ,6,0,0,2,2,2,5,2,5,5,4,5,1,5,1,5,26,26,2,1,US,4,1,39.694793701172,-105.03359985352,-1,0,4.83333333333333,2.6,7.83333333333333,7.5,7.7,1,6,1,0,0,7
95,R_31BgeHJCen0cKqb,67.250.56.134,1/17/2017 2:58:03,1/17/2017 3:04:51,1,2,1,6,5,7,7,8,6,6,5,7,4,4,7,10, ,8,0,1,4,3,4,4,4,4,4,3,4,1,5,2,4,40,40,2,1,USA,4,1,40.800598144531,-73.965301513672,-1,0,4,3.8,6.5,6,6.3,1,8,1,0,0,6.66666666666667
104,R_UyaacjdGnG8ooYF,104.48.65.1,1/17/2017 3:23:47,1/17/2017 3:33:58,1,2,1,1,1,1,3,1,1,1,2,1,2,9,2,10, ,10,0,0,4,1,1,1,1,5,5,3,4,1,5,1,5,24,24,2,1,United States,4,1,41.148193359375,-81.473602294922,-1,0,4.5,1.6,1.33333333333333,1.5,1.4,1,10,1,0,0,1.33333333333333
109,R_PXSJcNHAMMRhOw1,68.13.59.65,1/17/2017 4:05:21,1/17/2017 4:18:43,1,2,1,8,6,8,8,8,7,8,6,8,8,8,8,4, ,7,0,0,4,4,4,5,4,2,4,2,3,3,3,4,2,40,40,2,1,USA,4,1,41.371597290039,-96.199798583984,-1,0,2.66666666666667,4.2,7.5,8,7.7,1,7,1,0,0,8
110,R_10SrGucIgO9Tbvy,69.120.226.250,1/17/2017 4:30:14,1/17/2017 4:42:06,1,2,1,8,10,10,9,7,10,7,4,5,6,5,5,4, ,2,0,0,4,3,2,3,4,2,4,3,3,4,2,4,2,30,30,2,1,United States,4,1,40.704803466797,-73.650100708008,-1,0,2.66666666666667,3.2,9,5.75,7.7,1,2,1,0,0,5.66666666666667
112,R_1FrXjHu3hMBfQdk,24.246.167.1,1/17/2017 4:44:20,1/17/2017 4:50:23,1,2,1,6,6,7,6,8,8,3,6,1,6,10,5,10, ,5,0,0,3,3,3,3,3,4,5,3,3,1,5,3,3,31,31,2,1,United States,4,1,35.390197753906,-82.372497558594,-1,0,3.83333333333333,3,6.83333333333333,3.75,5.6,1,5,1,0,0,3
113,R_vu8LMyCcxHBC9hf,82.192.255.69,1/17/2017 5:32:44,1/17/2017 5:51:06,1,2,1,6,5,7,6,7,8,8,4,7,10,1,9,4, ,4,0,0,4,4,2,2,4,4,4,2,4,2,4,2,4,52,52,2,1,Switzerland,4,1,47.291900634766,8.6907958984375,-1,0,3.66666666666667,3.2,6.5,8.5,7.3,1,4,1,0,0,8
114,R_DLXzUuLzEdfCeuR,99.198.234.180,1/17/2017 6:44:21,1/17/2017 6:49:47,1,2,1,8,7,7,6,8,8,8,6,8,9,3,7,10, ,5,1,0,4,3,4,3,4,3,4,2,4,2,4,4,2,21,21,2,1,United States,4,1,39.014205932617,-94.595100402832,-1,0,3.16666666666667,3.6,7.33333333333333,8,7.6,1,5,1,0,0,7.66666666666667
119,R_3hsAK45fhESEGrR,31.50.98.82,1/17/2017 7:36:59,1/17/2017 7:46:53,1,2,1,7,6,7,7,7,5,6,4,5,8,4,5,4, ,4,0,0,2,2,2,1,2,5,5,3,4,2,4,2,4,45,45,2,1,England,4,1,50.396392822266,-4.1385955810547,-1,0,4.16666666666667,1.8,6.5,6,6.3,1,4,1,0,0,5.33333333333333
121,R_2zc2VasIT7anONI,101.167.42.157,1/17/2017 7:49:48,1/17/2017 7:55:28,1,2,1,9,9,7,9,6,6,10,3,8,5,3,6,3, ,3,0,0,1,1,1,1,1,1,4,1,3,4,2,4,2,22,22,2,1,Australia,4,1,-37.819000244141,145.15328979492,-1,0,2.16666666666667,1,7.66666666666667,7.25,7.5,1,3,1,0,0,8
122,R_Clj09avZtA7HmeZ,67.5.252.190,1/17/2017 7:50:34,1/17/2017 7:58:08,1,2,3,6,6,6,6,6,6,6,6,6,6,6,6,10, ,10,0,1,5,2,2,2,2, ,3,3,3,3,3,3,3,30,30,2,1,USA,4,1,45.620101928711,-122.57749938965,-1,0, ,2.6,6,6,6,1,10,0,0,0,6
124,R_1GB8b2Fjca3drBM,111.69.98.106,1/17/2017 8:26:44,1/17/2017 8:38:46,1,2,1,7,7,8,7,7,7,6,7,7,9,9,8,4, ,8,1,1,5,4,5,4,5,4,5,3,4,2,4,2,4,32,32,2,1,New Zealand,4,1,-41.282897949219,174.78421020508,-1,0,4,4.6,7.16666666666667,7.5,7.3,1,8,1,0,0,7
131,R_YaTD4UCp7T8agal,81.100.94.151,1/17/2017 10:26:33,1/17/2017 10:33:22,1,2,1,5,6,7,6,7,6,7,6,6,7,7,6,9, ,10,0,0,4,3,3,4,4,3,3,3,3,3,3,3,3,31,31,2,1,England,4,1,51.533294677734,-0.25,-1,0,3,3.6,6.16666666666667,6.5,6.3,1,10,1,0,0,6.33333333333333
140,R_2a9vCPRQBiY83aC,184.59.217.165,1/17/2017 12:20:19,1/17/2017 12:27:16,1,2,1,8,5,4,7,7,4,4,6,5,4,2,8,4, ,4,0,0,4,4,4,3,2,2,4,2,3,2,4,2,4,25,25,2,1,USA,4,1,44.488906860352,-88.07039642334,-1,0,3.16666666666667,3.4,5.83333333333333,5.25,5.6,1,4,1,0,0,5.66666666666667
144,R_PIjGoLLcRkzys01,75.78.103.8,1/17/2017 12:21:33,1/17/2017 12:45:30,1,2,1,8,5,5,8,5,5,8,6,5,7,1,7,4, ,10,4,1,5,5,5,5,5,5,5,5,5,1,5,1,5,43,43,2,1,US,4,1,33.520706176758,-86.80249786377,-1,0,5,5,6,6.75,6.3,1,10,1,0,0,6.66666666666667
151,R_25nfgC5C0b98rJf,89.101.70.19,1/17/2017 12:49:11,1/17/2017 13:13:05,1,2,1,3,1,3,3,3,3,5,5,5,6,4,5,10, ,6,1,1,3,3,3,3,3,4,5,4,3,2,4,2,4,24,24,2,1,Ireland,4,1,53.338897705078,-6.2595062255859,-1,0,4,3,2.66666666666667,5.25,3.7,1,6,1,0,0,5
156,R_3Hk8e2yns4Ka1jx,188.87.41.131,1/17/2017 13:34:46,1/17/2017 13:53:38,1,2,1,8,4,6,7,6,8,4,5,5,5,4,5,10, ,3,0,0,3,2,1,3,2,4,1,2,4,2,4,4,2,24,24,2,1,Spain,4,1,41.398406982422,2.1741027832031,-1,0,2.83333333333333,2.2,6.5,4.75,5.8,1,3,1,0,0,4.66666666666667
162,R_vGikvPRu1yq14zL,108.34.255.105,1/17/2017 15:15:25,1/17/2017 15:22:33,1,2,1,9,7,5,8,7,7,5,4,6,8,5,5,4, ,1,0,0,3,3,3,3,3,5,5,4,5,1,5,1,5,26,26,2,1,USA,4,1,41.820693969727,-71.449203491211,-1,0,4.83333333333333,3,7.16666666666667,6,6.7,1,1,1,0,0,5.33333333333333
166,R_2sdsDpMMIFNgBk0,83.209.183.12,1/17/2017 16:30:19,1/17/2017 16:37:47,1,2,1,6, ,6,4, ,3,6,3,3,8,3,5,10, ,6,0,0,3,2,3,3,3,4,4,3,4,1,5,3,3,35,35,2,1,Sweden,4,1,57.716705322266,11.966705322266,-1,0,3.83333333333333,2.8, ,5.5, ,1,6,1,0,0,4.66666666666667
170,R_210AWdfHIBstxwO,82.132.243.245,1/17/2017 17:35:48,1/17/2017 17:43:54,1,2,1,6,4,4,7,4,3,7,3,3,6,4,3,4, ,6,1,0,4,2,3,3,3,3,2,2,3,4,2,4,2,41,41,2,1,Uk,4,1,51.496398925781,-0.12240600585938,-1,0,2.33333333333333,3,4.66666666666667,4.75,4.7,1,6,1,0,0,4.33333333333333
174,R_3EnWniEAbDe1p0z,136.60.171.26,1/17/2017 18:05:46,1/17/2017 18:15:02,1,2,1,5,3,7,7,7,6,8,5,4,8,2,8,9, ,7,0,0,3,2,4,3,4,3,5,2,3,4,2,3,3,43,43,2,1,USA,4,1,40.760803222656,-111.89109802246,-1,0,3,3.2,5.83333333333333,7,6.3,1,7,1,0,0,6.66666666666667
179,R_1g0Epmxl8xsXNJj,166.137.244.75,1/17/2017 19:12:25,1/17/2017 19:19:00,1,2,1,8,8,7,8,8,7,9,5,5,9,4,7,10, ,9,28,4,4,3,4,4,4,3,4,4,4,2,4,2,4,26,26,2,1,USA,4,1,40.260498046875,-75.615501403809,-1,0,3.83333333333333,3.8,7.66666666666667,7.5,7.6,1,9,1,0,0,7
181,R_1GODzRbkhLtXcuE,70.167.58.50,1/17/2017 19:01:56,1/17/2017 19:32:34,1,2,1,7,5,5,7,6,6,4,5,4,7,2,6,4, ,9,4,1,5,5,5,5,5,5,5,4,5,1,5,1,5,29,29,2,1,USA,4,1,39.007095336914,-95.92310333252,-1,0,4.83333333333333,5,6,5.25,5.7,1,9,1,0,0,4.66666666666667
183,R_1Os3eorQxeehL9q,90.212.152.168,1/17/2017 20:21:34,1/17/2017 20:30:14,1,2,3,7,4,2,7,5,5,7,6,5,9,3,7,10, ,6,0,0,2,1,1,1,1,4,5,4,4,2,4,4,2,44,44,2,1,United Kingdom,2,1,50.396392822266,-4.1385955810547,-1,0,3.83333333333333,1.2,5,7,5.8,1,6,0,0,0,6.33333333333333
186,R_3mmiPpCcfIQGuiq,64.110.238.62,1/17/2017 21:51:11,1/17/2017 22:00:45,1,2,1,8,5,6,7,4,6,6,4,5,5,3,4,4, ,4,1,1,4,3,3,2,4,1,4,2,2,5,1,5,1,26,26,2,1,Canada,4,1,50.425094604492,-104.53890228271,-1,0,1.83333333333333,3.2,6,5,5.6,1,4,1,0,0,5
187,R_AHf98QImfV2YAAF,73.36.70.37,1/17/2017 21:52:46,1/17/2017 22:02:50,1,2,4,9,6,8,9,6,9,7,6,6,5,6,7,4, ,8,3,1,5,2,5,4,5,2,3,2,2,4,2,4,2,21,21,2,1,United States of America,4,1,41.891693115234,-87.935897827148,-1,0,2.16666666666667,4.2,7.83333333333333,6.25,7.2,1,8,0,0,0,6.66666666666667
188,R_1jdfscSJzgrnI6t,73.91.2.216,1/17/2017 22:32:04,1/17/2017 22:44:15,1,2,1,7,8,8,6,7,6,9,3,7,9,3,9,10, ,3,0,0,2,2,2,2,3,3,3,2,2,3,3,4,2,25,25,2,1,United States,4,1,28.538299560547,-81.379203796387,-1,0,2.5,2.2,7,8.5,7.6,1,3,1,0,0,8.33333333333333
194,R_SBRtg0KlYLdkpS9,107.77.97.61,1/18/2017 0:25:18,1/18/2017 0:37:10,1,2,1,4,3,3,3,3,3,3,5,5,7,3,5,10, ,4,0,0,2,2,3,4,1,3,4,2,3,3,3,3,3,30,30,2,4,Us,4,1,47.610397338867,-122.20069885254,-1,0,3,2.4,3.16666666666667,5,3.9,1,4,1,0,0,4.33333333333333
214,R_32Q86899U2GExFZ,86.10.176.5,1/17/2017 1:43:56,1/17/2017 1:51:21,0,2,1,2,2,2,4,2,2,2,2,2,2,6,2,4, ,8,3,2,5,3,5,5,5,5,5,3,3,3,3,3,3, , ,2,1,England,4, , , ,-1,0,3.66666666666667,4.6,2.33333333333333,2,2.2,1,8,1,0,0,2
228,R_1IrP6BY72e9T57T,72.230.239.170,1/17/2017 2:30:11,1/17/2017 2:37:44,0,2,1,7,6,8,7,8,8,5,5,5,6,4,6,3, ,5,0,0,3,2,3,3,2,2,2,1,2,4,2,4,2,39,39,2,1,USA,4, , , ,-1,0,1.83333333333333,2.6,7.33333333333333,5.5,6.6,1,5,1,0,0,5.33333333333333
231,R_3fjTI8nC1bhJNeY,70.198.196.102,1/17/2017 2:52:36,1/17/2017 3:03:22,0,2,1,5,8,7,5,7,5,8,8,8,10,2,9,4, ,8,4,1,5,3,5,3,4,5,4,3,5,2,4,2,4,46,46,2,1,United States,4, , , ,-1,0,4.16666666666667,4,6.16666666666667,8.75,7.2,1,8,1,0,0,8.33333333333333
234,R_2S8ON0gYbOErLmf,71.69.147.206,1/17/2017 4:21:37,1/17/2017 4:26:11,0,2,3,7,3,3,7,1,2,5,1,1,2,4,1,6, ,3,0,0,2,2,2,4,2,1,2,1,1,5,1,5,1,30,30,2,4,United States,4, , , ,-1,0,1.16666666666667,2.4,3.83333333333333,2.25,3.2,1,3,0,0,0,2.33333333333333
240,R_3s4GazVb9bpG8Vc,176.179.174.23,1/17/2017 9:23:39,1/17/2017 9:28:29,0,2,1,8,7,9,6,9,10,3,5,4,5,1,9,6, ,7,1,0,3,3,3,4,4,1,1,1,4,4,2,5,1,25,25,2,1,France,4, , , ,-1,0,1.66666666666667,3.4,8.16666666666667,5.25,7,1,7,1,0,0,5.33333333333333
243,R_1DZ4aAZTcJqJVmg,172.56.16.151,1/17/2017 11:32:25,1/17/2017 11:40:53,0,2,1,10,8,9,10,8,9,8,4,5,5,1,4,10, ,7,0,2,4,3,3,3,4,4,4,2,4,2,4,2,4,35,35,2,1,USA,4, , , ,-1,0,3.66666666666667,3.4,9,5.5,7.6,1,7,1,0,0,5.66666666666667
244,R_2uwvCTH3MM4Z0Cq,1.152.96.130,1/17/2017 12:00:06,1/17/2017 12:07:38,0,2,3,8,6,5,7,8,6,5,4,5,6,3,7,10, ,7,0,2,4,3,4,4,4,4,4,4,5,2,4,2,4,42,42,2,4,Australia,4, , , ,-1,0,4.16666666666667,3.8,6.66666666666667,5.75,6.3,1,7,0,0,0,5.66666666666667
247,R_x4apZ7aqqDZg1qh,79.71.165.80,1/17/2017 14:50:16,1/17/2017 14:55:11,0,2,3,8,6,9,6,9,9,7,6,7,7,4,6,10, ,7,0,0,3,3,3,4,4,4,5,3,5,2,4,3,3,36,36,2,1,UK,4, , , ,-1,0,4,3.4,7.83333333333333,6.75,7.4,1,7,0,0,0,6.66666666666667
249,R_3kHTVXxsf1k6XI3,128.147.28.69,1/17/2017 17:16:02,1/17/2017 17:22:22,0,2,1,5,5,6,1,6,3,2,2,2,3,10,2,4, ,7,1,0,5,1,4,3,4,2,4,2,3,4,2,4,2,31,31,2,1,USA,4, , , ,-1,0,2.5,3.4,4.33333333333333,2.25,3.5,1,7,1,0,0,2
263,R_1hKHRGMH6QTkKpV,134.83.1.242,1/25/2017 12:59:09,1/25/2017 14:06:31,1,2,1,7,8,7,7,10,8,7,3,5,5,4,7,4, ,5,0,1,2,1,3,1,3,2,1,1,2,4,2,5,1,22,22,2,1,UK,4,1,51.509201049805,-0.095504760742188,-1,0,1.5,2,7.83333333333333,6,7.1,1,5,1,0,0,6.33333333333333
267,R_w6mPZu0YeOwEVa1,23.116.247.63,2/25/2017 0:53:52,2/25/2017 1:10:52,0,2,3,7,8,7,7,8,5,6,6,5,4,2,6,4, ,7,0,1,5,3,5,4,5,4,4,4,4,2,4,2,4,33,33,2,1,USA,4, , , ,-1,0,4,4.4,7,5.25,6.3,1,7,0,0,0,5.66666666666667
172,R_3eyORIy7WtccFOO,88.110.61.154,1/16/2017 22:45:52,1/17/2017 18:01:26,1,2,1,6,3,3,4,3,6,4,4,3,4,6,4,11, ,3,0,0,1,2,1,1,1,2,2,2,2,4,2,4,2,55,55,1,1,Uk,4,1,51.201095581055,-4.0614929199219,-1,1,2,1.2,4.16666666666667,3.75,4,-1,-3,1,2,1.2,3.66666666666667
4,R_10oe2KdwfhQXsX1,5.151.0.30,1/16/2017 15:13:01,1/16/2017 15:20:50,1,4,1,6,6,5,6,7,6,5,3,4,4,6,5,2, ,7,0,0,2,2,2,2,2,4,4,2,3,2,4,2,4, , ,2,1,England,4,1,51.533294677734,0,-1,1,3.5,2,6,4.5,5.4,-1,-7,0,3.5,2,4.66666666666667
12,R_2bZErrUl6XDmpx9,82.15.229.79,1/16/2017 16:13:50,1/16/2017 16:29:25,1,2,3,5,8,6,7,8,7,9,9,9,9,5,9,2, ,4,0,0,1, ,1,1,1,4,3,3,3,2,4,2,4,53,53,2,1,Uk,4,1,50.396392822266,-4.1385955810547,-1,1,3.5, ,6.83333333333333,9,7.7,-1,-4,0,3.5, ,9
21,R_u2JDCuHTVQQlsxb,92.7.231.22,1/16/2017 21:22:55,1/16/2017 21:32:01,1,2,3,6,7,4,6,3,3,7,1,6,10,2,7,1, ,6,0,0,1,1,1,1,1,1,1,1,2,2,4,1,5,42,42,2,1,Uk,4,1,51.496398925781,-0.12240600585938,-1,1,2.33333333333333,1,4.83333333333333,7.5,5.9,-1,-6,0,2.33333333333333,1,6.66666666666667
27,R_11XuospPRw30Rnz,81.109.212.191,1/16/2017 23:47:53,1/16/2017 23:55:28,1,2,1,7,6,4,8,4,6,5,3,3,4,7,5,2, ,5,0,0,1,1,1,1,1,4,1,3,4,2,4,2,4,19,19,2,1,england,4,1,51.233596801758,-0.59959411621094,-1,1,3.33333333333333,1,5.83333333333333,4.25,5.2,-1,-5,1,3.33333333333333,1,4.33333333333333
31,R_2dFIxSECG8iNZRi,173.73.140.83,1/16/2017 23:49:25,1/16/2017 23:59:24,1,2,1,3,3,3,3,1,1,5,5,5,5,5,5,11, ,6,0,0,2,1,1,3,2,3,3,2,2,3,3,4,2,34,34,2,1,United States,4,1,38.908401489258,-77.120101928711,-1,1,2.5,1.8,2.33333333333333,5,3.4,-1,-6,1,2.5,1.8,5
34,R_2afVDyeQOEQsOTr,207.98.221.211,1/16/2017 23:54:33,1/17/2017 0:06:12,1,2,1,7,7,7,7,7,7,8,4,7,7,4,8,11, ,8,0,0,2,1,1,1,1,3,1,3,3,3,3,4,2,64,64,2,1,USA,4,1,30.350402832031,-85.82740020752,-1,1,2.5,1.2,7,7.5,7.2,-1,-8,1,2.5,1.2,7.66666666666667
36,R_12KBGQRbTSTddBp,199.119.233.236,1/17/2017 0:00:46,1/17/2017 0:11:17,1,2,1,7,3,3,5,2,4,5,1,4,5,5,5,2, ,9,0,0,1,1,1,2,1,2,4,1,1,4,2,4,2,34,34,2,1,Canada,4,1,43.833999633789,-79.206901550293,-1,1,2,1.2,4,4.75,4.3,-1,-9,1,2,1.2,4.66666666666667
37,R_3iFkh7V18rdxy9J,174.192.11.12,1/17/2017 0:10:12,1/17/2017 0:15:42,1,2,3,5,3,5,3,5,5,2,7,5,6,8,7,2, ,10,0,0,1,1,1,1,1,1,1,1,1,5,1,5,1,24,24,2,1,US,4,1,42.382797241211,-71.095497131348,-1,1,1,1,4.33333333333333,5,4.6,-1,-10,0,1,1,4.66666666666667
41,R_9LApTktHCBLSliR,46.18.105.88,1/17/2017 0:30:29,1/17/2017 0:36:15,1,2,4,7,6,6,6,6,7,6,5,5,5,4,6,1, ,8,0,0,2,1,1,1,2,1,1,1,1,5,1,5,1,25,25,2,1,United Kingdom,4,1,51.723602294922,-3.3661041259766,-1,1,1,1.4,6.33333333333333,5.5,6,-1,-8,0,1,1.4,5.66666666666667
44,R_tJqoDOO2E8KalLb,1.123.145.190,1/17/2017 0:40:56,1/17/2017 0:47:25,1,2,1,4,3,3,4,3,3,4,4,3,5,7,3,11, ,7,0,0,1,1,1,1,1,2,3,1,3,4,2,4,2,26,26,2,1,Australia,4,1,-35,138.75,-1,1,2.16666666666667,1,3.33333333333333,3.75,3.5,-1,-7,1,2.16666666666667,1,3.33333333333333
46,R_3il1mZqlmu1AcgV,24.211.153.248,1/17/2017 0:45:39,1/17/2017 0:49:56,1,2,3,7,5,5,6,5,6,6,4,5,5,7,6,1, ,6,0,0,4,3,3,4,4,2,4,2,2,4,2,4,2,25,25,2,1,United States,4,1,35.949996948242,-78.961601257324,-1,1,2.33333333333333,3.6,5.66666666666667,5.5,5.6,-1,-6,0,2.33333333333333,3.6,5.66666666666667
50,R_d5MyNJz1dH8LTRT,72.12.83.241,1/17/2017 1:00:56,1/17/2017 1:08:49,1,2,1,5,2,2,5,3,5,1,7,1,4,10,1,2, ,10,0,0,1,1,1,1,1,1,1,1,1,5,1,5,1,26,26,2,1,USA,4,1,44.660003662109,-70.808403015137,-1,1,1,1,3.66666666666667,1.75,2.9,-1,-10,1,1,1,1
54,R_1EhwxxSdHrs4bwS,174.228.131.197,1/17/2017 1:11:22,1/17/2017 1:16:55,1,2,1,10,5,7,8,7,6,8,8,5,7,7,7,11, ,8,0,0,2,2,2,3,2,2,2,2,2,4,2,4,2,35,35,2,1,US,4,1,28.634399414062,-81.622100830078,-1,1,2,2.2,7.16666666666667,6.75,7,-1,-8,1,2,2.2,6.66666666666667
55,R_2sTIVXWJcZlVbBE,65.8.187.189,1/17/2017 1:15:17,1/17/2017 1:20:04,1,2,1,8,6,6,8,5,6,7,4,5,8,4,7,1, ,5,0,0,2,2,2,3,3,1,1,1,1,5,1,5,1,34,34,2,1,USA,4,1,25.735992431641,-80.311096191406,-1,1,1,2.4,6.5,6.75,6.6,-1,-5,1,1,2.4,6.33333333333333
59,R_2e9hu559VBExTUy,98.178.163.55,1/17/2017 1:22:36,1/17/2017 1:27:34,1,2,3,6,4,2,6,5,4,3,1,1,7,10,4,1, ,7,0,0,2,1,1,2,2,1,1,1,3,5,1,5,1,31,31,2,1,USA,4,1,36.146697998047,-95.904502868652,-1,1,1.33333333333333,1.6,4.5,3.75,4.2,-1,-7,0,1.33333333333333,1.6,2.66666666666667
60,R_1GTwAkDpiKgTIXE,99.255.176.5,1/17/2017 1:17:14,1/17/2017 1:28:22,1,2,1,5,3,3,4,3,5,5,2,2,5,9,5,11, ,5,0,0,2,2,2,2,2,1,1,3,1,4,2,4,2,31,31,2,1,Canada,4,1,43.682693481445,-79.373001098633,-1,1,1.66666666666667,2,3.83333333333333,4.25,4,-1,-5,1,1.66666666666667,2,4
62,R_9Zu8vtryOvfkjtf,142.105.168.204,1/17/2017 1:22:13,1/17/2017 1:30:37,1,2,1,6,6,7,6,6,6,4,7,6,4,10,5,2, ,10,0,0,1,1,1,1,1,2,3,1,2,5,1,5,1,24,24,2,1,USA,4,1,43.07080078125,-78.820098876953,-1,1,1.66666666666667,1,6.16666666666667,4.75,5.6,-1,-10,1,1.66666666666667,1,5
69,R_339lf4d7L8aGX7x,70.210.138.255,1/17/2017 1:32:39,1/17/2017 1:40:56,1,2,1,7,6,7,5,5,6,6,3,5,5,8,6,2, ,8,0,0,2,2,2,1,1,2,2,2,2,4,2,4,2,31,31,2,1,United states,4,1,45.51530456543,-122.55860137939,-1,1,2,1.6,6,5.5,5.8,-1,-8,1,2,1.6,5.66666666666667
70,R_UFth2HHxRFDfEBz,174.117.11.39,1/17/2017 1:39:46,1/17/2017 1:47:17,1,2,1,3,2,2,2,3,3,1,2,1,2,8,2,1, ,1,0,0,4,2,3,2,3,2,2,2,2,4,2,4,2,22,22,2,1,Canada,4,1,43.712203979492,-79.284301757812,-1,1,2,2.8,2.5,1.5,2.1,-1,-1,1,2,2.8,1.33333333333333
74,R_cucC6kjsUhKWlFv,73.128.163.35,1/17/2017 1:48:55,1/17/2017 1:54:59,1,2,1,7,5,5,6,5,6,9,6,8,9,6,8,2, ,9,0,0,1,1,1,3,1,2,2,2,2,4,2,4,2,33,33,2,1,USA,4,1,39.498397827148,-76.196601867676,-1,1,2,1.4,5.66666666666667,8.5,6.8,-1,-9,1,2,1.4,8.33333333333333
80,R_D2HNmoLFzhuNKWl,67.252.75.229,1/17/2017 2:04:21,1/17/2017 2:13:42,1,2,1,8,6,7,7,7,7,6,4,7,8,5,6,11, ,1,0,0,2,2,2,2,2,3,4,2,2,4,2,4,2,31,31,2,1,USA,4,1,42.08430480957,-77.027801513672,-1,1,2.5,2,7,6.75,6.9,-1,-1,1,2.5,2,6.33333333333333
88,R_2xFyIqf9lD9smPd,97.124.186.232,1/17/2017 2:34:44,1/17/2017 2:42:03,1,2,3,2,2,2,2,2,2,2,2,1,4,7,2,1, ,8,0,0,2,2,2,2,2,2,4,2,2,4,2,4,2,24,24,2,1,United States,4,1,39.731994628906,-104.98390197754,-1,1,2.33333333333333,2,2,2.25,2.1,-1,-8,0,2.33333333333333,2,1.66666666666667
94,R_6X51EYzLbC6WMHn,216.246.253.190,1/17/2017 2:57:39,1/17/2017 3:04:31,1,2,1,6,7,5,6,7,5,8,5,9,8,6,8,2, ,9,0,0,1,1,1,1,1,2,3,1,2,4,2,4,2,25,25,2,1,Canada,4,1,45.535400390625,-73.606101989746,-1,1,2,1,6,8.25,6.9,-1,-9,1,2,1,8.33333333333333
97,R_1InIBF49XInCpur,174.119.166.146,1/17/2017 3:06:02,1/17/2017 3:10:51,1,2,4,8,4,5,7,7,6,6,6,7,5,8,5,2, ,8,0,0,2,2,2,2,1,4,4,2,2,3,3,4,2,24,24,2,1,Canada,4,1,43.518402099609,-80.225700378418,-1,1,2.83333333333333,1.8,6.16666666666667,5.75,6,-1,-8,0,2.83333333333333,1.8,6
106,R_3Dit2ZEMb1LAdbq,50.43.30.152,1/17/2017 3:34:06,1/17/2017 3:43:25,1,3,1,8,2,2,8,1,2,1,1,1,1,10,1,2, ,1,0,0,3,1,2,1,2,2,1,1,1,5,1,5,1,26,26,2,1,Usa,4,1,45.474105834961,-122.37870025635,-1,1,1.16666666666667,1.8,3.83333333333333,1,2.7,-1,-1,0,1.16666666666667,1.8,1
108,R_2aUCDTrI2XZcFzS,72.185.19.184,1/17/2017 4:05:09,1/17/2017 4:14:14,1,2,1,7,4,4,5,4,4,4,4,2,4,4,5,1, ,7,0,0,1,1,1,1,1,1,1,1,1,5,1,5,1,45,45,2,1,United States,4,1,28.935592651367,-82.389503479004,-1,1,1,1,4.66666666666667,3.75,4.3,-1,-7,1,1,1,3.66666666666667
111,R_3fUCUbXGJD0LGz3,173.24.220.61,1/17/2017 4:42:30,1/17/2017 4:49:07,1,2,1,5,6,6,5,7,5,5,4,6,4,6,5,11, ,10,0,0,3,3,3,3,3,5,5,5,5,1,5,1,5,36,36,2,1,US,4,1,33.371505737305,-111.43689727783,-1,1,5,3,5.66666666666667,5,5.4,-1,-10,1,5,3,5.33333333333333
126,R_10ubgBep70poyd5,58.160.74.227,1/17/2017 8:42:28,1/17/2017 8:50:36,1,2,1,7,8,7,7,8,7,5,3,5,5,7,5,1, ,7,0,0,2,2,3,3,3,4,4,3,4,2,4,4,2,46,46,2,1,Australia,4,1,-34.783294677734,138.73330688477,-1,1,3.5,2.6,7.33333333333333,5,6.4,-1,-7,1,3.5,2.6,5
127,R_3dHcE0OVF0OpZ2G,1.144.97.114,1/17/2017 8:46:52,1/17/2017 8:53:43,1,2,1,3,3,3,2,4,2,3,4,1,4,10,3,1, ,9,0,0,2,1,1,2,1,1,2,2,2,5,1,5,1,37,37,2,1,Australia,4,1,-33.814804077148,151.0546875,-1,1,1.5,1.4,2.83333333333333,2.75,2.8,-1,-9,1,1.5,1.4,2.33333333333333
128,R_3HB9uGwd7l7TSiT,196.6.105.23,1/17/2017 9:23:54,1/17/2017 9:29:46,1,4,1,7,6,6,7,5,5,7,4,5,7,5,7,2, ,10,0,0,1,1,1,1,1,1,1,1,1,5,1,5,1,36,36,2,1,UK/South Africa,4,1,-29.583297729492,31.13330078125,-1,1,1,1,6,6.5,6.2,-1,-10,0,1,1,6.33333333333333
129,R_1GwDYpirtaGuYxg,61.68.139.162,1/17/2017 9:37:30,1/17/2017 9:43:17,1,2,4,7,6,8,7,6,6,5,5,4,5,7,4,11, ,10,0,0,1,1,1,1,1,1,1,1,1,5,1,5,1,30,30,2,1,Australia,4,1,-33.880996704102,151.07989501953,-1,1,1,1,6.66666666666667,4.5,5.8,-1,-10,0,1,1,4.33333333333333
132,R_1i3TNUARKNqnecc,90.149.122.131,1/17/2017 10:40:42,1/17/2017 10:49:40,1,2,1,6,6,6,6,5,6,4,3,3,5,7,6,11, ,8,0,0,3,2,1,1,1,4,4,3,4,2,4,3,3,27,27,2,1,Norway,4,1,60.217102050781,11.011993408203,-1,1,3.66666666666667,1.6,5.83333333333333,4.5,5.3,-1,-8,1,3.66666666666667,1.6,4.33333333333333
134,R_eFC3DRPCstG1IMZ,81.174.162.174,1/17/2017 10:36:07,1/17/2017 11:12:02,1,2,1,6,3,8,6,7,4,6,6,5,6,8,5,2, ,10,0,0,1,1,1,1,1,1,1,1,2,5,1,5,1,37,37,2,1,UK,4,1,51.509201049805,-0.095504760742188,-1,1,1.16666666666667,1,5.66666666666667,5.5,5.6,-1,-10,1,1.16666666666667,1,5.33333333333333
136,R_2f8oOZSVSoxDUS7,92.232.94.92,1/17/2017 11:19:20,1/17/2017 11:28:06,1,2,3,10,6,4,10,8,8,9,10,10,10,2,10,11, ,10,0,0,2,1,1,1,1,3,3,3,3,5,1,5,1,48,48,2,1,Uk,4,1,50.387893676758,-4.1271057128906,-1,1,2.33333333333333,1.2,7.66666666666667,9.75,8.5,-1,-10,0,2.33333333333333,1.2,9.66666666666667
138,R_20Pf1X2mBAekV8g,64.134.243.7,1/17/2017 12:03:55,1/17/2017 12:10:12,1,2,3,6,5,5,5,5,5,6,2,5,6,3,5,1, ,4,0,0,2,2,2,1,1,2,1,2,2,4,2,4,2,45,45,2,1,Usa,4,1,37.751007080078,-97.821998596191,-1,1,1.83333333333333,1.6,5.16666666666667,5.5,5.3,-1,-4,0,1.83333333333333,1.6,5.33333333333333
143,R_1ghlmeAnfFlT4df,94.197.121.3,1/17/2017 12:38:45,1/17/2017 12:45:16,1,2,1,6,3,3,5,3,5,4,4,4,4,5,4,1, ,6,0,0,3,3,2,2,3,4,4,2,3,3,3,3,3,23,23,2,1,England,4,1,51.496398925781,-0.12240600585938,-1,1,3.16666666666667,2.6,4.16666666666667,4,4.1,-1,-6,1,3.16666666666667,2.6,4
149,R_22FI2sY24L1pKYH,66.68.17.238,1/17/2017 12:53:26,1/17/2017 13:00:07,1,2,1,4,2,3,5,4,2,6,3,6,5,9,5,1, ,7,0,0,2,2,2,2,2,4,4,3,4,2,4,3,3,30,30,2,1,USA,4,1,30.231201171875,-97.717002868652,-1,1,3.66666666666667,2,3.33333333333333,5.5,4.2,-1,-7,1,3.66666666666667,2,5.66666666666667
153,R_2zu5rhF7U0uosAZ,81.100.232.32,1/17/2017 13:25:25,1/17/2017 13:29:36,1,2,4,6,3,6,6,6,5,4,2,5,3,8,3,2, ,8,0,0,1,1,1,1,1,1,1,1,1,5,1,5,1,29,29,2,1,England,4,1,53.820098876953,-1.5704040527344,-1,1,1,1,5.33333333333333,3.75,4.7,-1,-8,0,1,1,4
154,R_bIpDmTdyfWs1ifL,184.101.86.221,1/17/2017 13:37:51,1/17/2017 13:46:13,1,2,1,9,9,8,9,8,8,8,2,7,9,4,8,2, ,7,0,0,2,2,2,1,1,4,3,3,4,3,3,3,3,48,48,2,1,USA,4,1,33.500701904297,-111.98290252686,-1,1,3.33333333333333,1.6,8.5,8,8.3,-1,-7,1,3.33333333333333,1.6,7.66666666666667
157,R_8BvIaHokoV7Eb8B,5.151.199.152,1/17/2017 14:01:53,1/17/2017 14:10:42,1,4,1,4,4,3,4,6,2,3,1,4,6,9,5,2, ,7,0,0,1,1,1,1,1,3,5,1,3,3,3,4,2,25,25,2,1,England,4,1,53.796493530273,-1.5478057861328,-1,1,2.83333333333333,1,3.83333333333333,4.5,4.1,-1,-7,0,2.83333333333333,1,4
161,R_3nOWMpleIyPRGrM,108.252.101.196,1/17/2017 15:09:56,1/17/2017 15:15:23,1,2,1,8,3,3,8,3,3,5,3,3,5,4,4,1, ,5,0,0,2,2,2,1,2,2,2,2,2,4,2,4,2,42,42,2,1,USA,4,1,29.638107299805,-82.414100646973,-1,1,2,1.8,4.66666666666667,4.25,4.5,-1,-5,1,2,1.8,4
169,R_1N8EWPAEhQCVzw6,76.102.194.199,1/17/2017 17:30:11,1/17/2017 17:37:30,1,2,3,3,3,3,3,2,2,8,5,7,8,4,6,1, ,10,0,0,2,1,2,1,1,2,2,3,3,4,2,3,3,37,37,2,1,USA,4,1,37.789794921875,-122.24569702148,-1,1,2.5,1.4,2.66666666666667,7.25,4.5,-1,-10,0,2.5,1.4,7
175,R_31vF3TL2cAO7hqK,82.14.186.108,1/17/2017 18:18:13,1/17/2017 18:23:36,1,2,1,6,5,6,6,6,7,5,4,5,5,6,5,11, ,4,0,0,1,1,1,1,2,3,4,3,3,3,3,4,2,28,28,2,1,Uk,4,1,51.75,-1.25,-1,1,3,1.2,6,5,5.6,-1,-4,1,3,1.2,5
177,R_ueOMDr2FJVbGV1L,162.205.102.27,1/17/2017 18:53:31,1/17/2017 19:00:54,1,2,1,7,7,8,7,6,8,5,5,6,7,8,5,1, ,10,0,0,2,1,1,3,2,1,1,1,1,5,1,5,1,41,41,2,1,USA,4,1,36.404006958008,-84.07209777832,-1,1,1,1.8,7.16666666666667,5.75,6.6,-1,-10,1,1,1.8,5.33333333333333
182,R_3iU95ESsqFaD3Ly,172.58.68.130,1/17/2017 19:45:26,1/17/2017 19:53:12,1,2,1,10,6,8,8,7,10,8,5,6,6,7,8,2, ,10,0,0,1,1,1,1,1,1,1,1,1,5,1,5,1,37,37,2,1,United States of America,4,1,39.034393310547,-94.572196960449,-1,1,1,1,8.16666666666667,7,7.7,-1,-10,1,1,1,7.33333333333333
196,R_26lM1Rb7Zn2Eowc,69.146.70.238,1/18/2017 7:20:07,1/18/2017 7:25:51,1,2,3,4,3,3,4,5,4,2,4,3,3,8,4,1, ,7,1,0,2,2,2,2,2,3,3,2,2,4,2,4,2,33,33,2,1,United States,4,1,41.338592529297,-105.86019897461,-1,1,2.33333333333333,2,3.83333333333333,3,3.5,-1,-7,0,2.33333333333333,2,3
202,R_1HnpKEY51snW444,5.151.172.198,1/16/2017 15:34:32,1/16/2017 15:40:08,0,2,1,6,7,7,7,8,8,8,3,7,5,8,6,2, ,10,0,0,1,1,1,1,1,1,1,1,1,5,1,5,1, , ,2,1,Uk,4, , , ,-1,1,1,1,7.16666666666667,6.5,6.9,-1,-10,1,1,1,7
203,R_VUKN8Vu4WtveVRT,86.172.104.148,1/16/2017 15:36:36,1/16/2017 15:47:12,0,2,1,7,7,7,7,7,7,7,4,6,8,7,7,2, ,5,0,0,2,2,2,2,2,2,2,2,2,4,2,4,2,63,63,2,1,UK,4, , , ,-1,1,2,2,7,7,7,-1,-5,1,2,2,6.66666666666667
206,R_3hbe5LKzpRVyDn5,86.159.214.78,1/16/2017 22:57:39,1/16/2017 23:05:23,0,2,1,7,8,10,7,8,7,9,7,9,10,5,9,11, ,5,0,0,3,3,3,3,3,5,5,3,4,1,5,1,5,44,44,2,1,England,4, , , ,-1,1,4.5,3,7.83333333333333,9.25,8.4,-1,-5,1,4.5,3,9
217,R_306PGn9cQHFFsZ8,216.232.3.119,1/17/2017 1:51:08,1/17/2017 1:58:33,0,2,3,7,4,5,6,5,5,4,5,5,5,5,5,1, ,8,0,0,2,2,2,2,2,3,2,2,2,4,2,2,4,24,24,2,1,Canada,4, , , ,-1,1,2.5,2,5.33333333333333,4.75,5.1,-1,-8,0,2.5,2,4.66666666666667
218,R_PHhzPLgJ9byZH0d,68.146.136.194,1/17/2017 1:51:40,1/17/2017 1:59:41,0,2,1,9,7,6,9,7,6,1,5,6,6,5,5,2, ,10,0,0,1,1,1,1,1,3,4,2,3,2,4,5,1,36,36,2,1,Canada,4, , , ,-1,1,2.83333333333333,1,7.33333333333333,4.5,6.2,-1,-10,1,2.83333333333333,1,4
224,R_2WSErltDfh5BWKs,74.199.114.143,1/17/2017 2:10:00,1/17/2017 2:16:57,0,2,3,6,4,5,6,5,6,6,3,4,5,8,4,1, ,8,0,0,1,1,1,1,1,2,1,1,2,5,1,5,1,30,30,2,1,USA,4, , , ,-1,1,1.33333333333333,1,5.33333333333333,4.75,5.1,-1,-8,0,1.33333333333333,1,4.66666666666667
235,R_2tzfDJ2jVjDqBtN,71.197.243.252,1/17/2017 4:48:50,1/17/2017 4:54:01,0,2,4,6,4,7,5,8,6,6,3,5,3,8,5,11, ,6,0,0,1,1,1,1,1,2,4,1,2,4,2,4,2,23,23,2,1,USA,4, , , ,-1,1,2.16666666666667,1,6,4.75,5.5,-1,-6,0,2.16666666666667,1,5.33333333333333
237,R_1jdmDuL1BuQnaUw,110.22.146.245,1/17/2017 5:32:15,1/17/2017 5:41:18,0,2,1,7,6,6,6,6,6,5,4,6,6,8,6,11, ,9,0,0,2,2,2,3,3,1,1,1,1,5,1,5,1,35,35,2,1,Australia,4, , , ,-1,1,1,2.4,6.16666666666667,5.75,6,-1,-9,1,1,2.4,5.66666666666667
239,R_yLbhVrQYPiAGItH,24.143.95.35,1/17/2017 8:18:20,1/17/2017 8:22:50,0,2,1,3,2,3,2,3,3,7,5,7,5,8,8,1, ,8,0,0,2,2,2,3,3,2,1,2,2,4,2,4,2,37,37,2,4,USA,4, , , ,-1,1,1.83333333333333,2.4,2.66666666666667,6.75,4.3,-1,-8,1,1.83333333333333,2.4,7.33333333333333
245,R_1IlVaAJEDpY39LL,24.34.140.176,1/17/2017 12:47:58,1/17/2017 12:53:15,0,2,1,2,2,1,2,1,1,2,2,2,2,2,2,11, ,9,0,0,3,2,2,4,2,1,1,1,3,5,1,5,1,52,52,2,1,usa,4, , , ,-1,1,1.33333333333333,2.6,1.5,2,1.7,-1,-9,1,1.33333333333333,2.6,2
246,R_12L8TpZOkNLnz1P,155.52.24.144,1/17/2017 14:17:22,1/17/2017 14:22:35,0,2,1,9,6,6,9,7,8,6,1,5,7,8,8,1, ,8,0,0,2,2,2,2,2,3,4,3,3,3,3,3,3,23,23,2,1,United States,4, , , ,-1,1,3.16666666666667,2,7.5,6.5,7.1,-1,-8,1,3.16666666666667,2,6.33333333333333
248,R_2y8IQtwTsUYgFIq,66.235.0.191,1/17/2017 15:34:58,1/17/2017 15:44:27,0,2,1,6,3,4,5,3,5,3,2,3,4,8,3,2, ,7,0,0,1,1,1,1,1,1,1,1,1,5,1,5,1,31,31,2,1,United States,4, , , ,-1,1,1,1,4.33333333333333,3.25,3.9,-1,-7,1,1,1,3
254,R_3EvaFwDAxB1TSzm,86.171.247.200,1/24/2017 19:14:52,1/24/2017 19:28:30,1,2,1,7,6,7,7,6,7,5,4,5,6,8,6,11, ,5,0,0,2,2,2,1,1,4,4,4,4,2,4,3,3,21,21,2,1,England,4,1,51.463302612305,-2.7563934326172,-1,1,3.83333333333333,1.6,6.66666666666667,5.5,6.2,-1,-5,1,3.83333333333333,1.6,5.33333333333333
255,R_1GNR0IZIHmHDbr0,80.234.224.70,1/17/2017 20:08:53,1/17/2017 20:13:21,0,2,4,7,5,5,5,3,4,5,4,3,7,9,5,2, ,8,0,0,1,1,1,1,1,3,3,2,3,3,3,4,2,38,38,2,1,England,4, , , ,-1,1,2.66666666666667,1,4.83333333333333,5,4.9,-1,-8,0,2.66666666666667,1,4.33333333333333
260,R_33eTdViYW63BG34,77.76.110.18,1/17/2017 21:54:37,1/17/2017 22:06:28,0,2,3,7,4,5,5,7,6,7,7,5,8,4,5,1, ,10,0,0,2,2,1,1,1,1,1,1,1,5,1,5,1,31,31,2,1,Ireland,4, , , ,-1,1,1,1.4,5.66666666666667,6.25,5.9,-1,-10,0,1,1.4,5.66666666666667
264,R_3OernFesOkRqhke,88.110.245.151,1/19/2017 20:34:49,1/19/2017 20:42:09,0,2,1,5,3,3,5,3,3,5,2,5,5,9,3,11, ,9,0,0,3,3,3,1,1,3,3,3,3,3,3,5,1,53,53,2,1,England,4, , , ,-1,1,2.66666666666667,2.2,3.66666666666667,4.5,4,-1,-9,1,2.66666666666667,2.2,4.33333333333333
133,R_3HtwvtSkG8AqHl0,174.193.128.71,1/17/2017 10:22:03,1/17/2017 11:01:44,1,2,1,4,3,2,4,4,6,6,3,3,5,7,3,10, ,4,0,0,3,3,3,3,3,4,4,2,3,2,4,2,4,19,19, ,1,USA,4,1,34.987396240234,-79.232002258301,-1,1,3.5,3,3.83333333333333,4.25,4,1,4,1,3.5,3,4
2,R_2rpFO1XUrNvRMQo,194.80.168.100,1/16/2017 14:59:05,1/16/2017 15:08:25,1,2,1,7,7,6,7,7,6,6,7,6,7,6,5,4, ,5,0,0,3,3,3,3,3,5,5,5,5,2,4,2,4,57,57,1,1,England,4,1,50.396392822266,-4.1385955810547,-1,1,4.66666666666667,3,6.66666666666667,6,6.4,1,5,1,4.66666666666667,3,5.66666666666667
93,R_3n2yi1SzR0pTTPL,173.63.212.109,1/17/2017 2:23:28,1/17/2017 2:52:42,1,2,1,5,2,3,2,5,5,6,1,1,4,9,2,10, ,9,0,1,3,3,3,5,4,3,4,2,3,4,2,2,4,26,26,1,1,United States,4,1,40.751602172852,-74.12020111084,-1,1,3,3.6,3.66666666666667,3.25,3.5,1,9,1,3,3.6,3
125,R_3fHHl1z4XV7ZLzY,81.129.16.139,1/17/2017 8:32:11,1/17/2017 8:39:04,1,2,1,7,3,3,4,4,5,5,7,4,8,5,8,4, ,3,0,0,3,2,2,3,2,2,3,2,2,2,4,2,4,61,61,1,1,england,4,1,50.446395874023,-4.2696990966797,-1,1,2.83333333333333,2.4,4.33333333333333,6.25,5.1,1,3,1,2.83333333333333,2.4,5.66666666666667
252,R_2aPPMK66FlbrGoS,66.87.72.245,1/17/2017 19:11:40,1/17/2017 19:17:57,0,2,3,8,9,9,8,8,8,8,8,8,8,5,6,4, ,8,3,3,5,5,4,5,5,4,4,4,4,2,4,2,4,27,27,1,1,United States,4, , , ,-1,1,4,4.8,8.33333333333333,7.5,8,1,8,0,4,4.8,7.33333333333333
6,R_3iUY4ZZZV2cLGfs,82.132.216.196,1/16/2017 15:42:05,1/16/2017 15:46:32,1,2,1,6,4,4,6,7,5,5,5,6,6,8,5,4, ,10,12,1,5,5,5,2,5,4,5,5,3,2,4,1,5,22,22,2,1,UK,4,1,51.533294677734,-0.18330383300781,-1,1,4.33333333333333,4.4,5.33333333333333,5.5,5.4,1,10,1,4.33333333333333,4.4,5.33333333333333
8,R_W0BYtGhNApB5wSR,89.192.157.60,1/16/2017 15:51:03,1/16/2017 15:58:34,1,2,3,10,10,10,10,8,10,8,8,8,10,1,9,4, ,5,0,0,3,3,3,3,3,3,4,2,2,3,3,3,3,41,41,2,1,Uk,4,1,51.496398925781,-0.12240600585938,-1,1,2.83333333333333,3,9.66666666666667,8.75,9.3,1,5,0,2.83333333333333,3,8.33333333333333
9,R_3emqi5ZVesMiYhE,86.27.82.226,1/16/2017 15:56:21,1/16/2017 16:00:27,1,4,2,4,3,3,3,4,5,5,6,6,5,5,4,4, ,1,0,0,1,1,1,1,1,2,2,1,1,5,1,5,1, , ,2,1,Uk,4,1,50.396392822266,-4.1385955810547,-1,1,1.33333333333333,1,3.66666666666667,5,4.2,1,1,0,1.33333333333333,1,5
15,R_cBWMVbyZkugAw93,86.179.8.138,1/16/2017 17:26:27,1/16/2017 17:31:07,1,2,2,5,7,6,7,7,4,6,7,7,8,3,6,4, ,4, ,0,5,3,3,2,3,4,4,2,4,1,5,2,4,50,50,2,1,England,4,1,50.446395874023,-4.2696990966797,-1,1,3.83333333333333,3.2,6,6.75,6.3,1,4,0,3.83333333333333,3.2,6.33333333333333
17,R_yIvMDmolKQVdHZT,82.25.236.31,1/16/2017 17:49:33,1/16/2017 17:56:40,1,2,1,7,8,8,7,9,9,5,3,8,8,5,8,10, ,7,0,0,4,4,4,3,4,5,5,5,5,1,5,1,5,47,47,2,1,england,4,1,50.442001342773,-4.0827941894531,-1,1,5,3.8,8,7.25,7.7,1,7,1,5,3.8,7
18,R_3RsmnQHOLf3PLZb,81.136.16.62,1/16/2017 18:15:03,1/16/2017 18:19:44,1,3,1,8,8,9,8,6,7,7,5,6,7,6,6,4, ,9,6,1,5,4,5,4,4,4,4,3,4,2,4,2,4,21,21,2,1,England,4,1,52.083297729492,-0.71670532226562,-1,1,3.83333333333333,4.4,7.66666666666667,6.5,7.2,1,9,0,3.83333333333333,4.4,6.33333333333333
20,R_20P7i0hsyUbpNLJ,176.249.214.252,1/16/2017 19:56:32,1/16/2017 20:09:39,1,2,1,2,2,1,2,1,1,5,2,1,6,8,6,10, ,3,0,0,2,2,2,2,3,4,3,3,4,3,3,3,3,23,23,2,1,England,4,1,51.457992553711,-0.25480651855469,-1,1,3.33333333333333,2.2,1.5,4.5,2.7,1,3,1,3.33333333333333,2.2,4
25,R_33jwt3QQlYTyy0z,208.126.228.115,1/16/2017 23:48:32,1/16/2017 23:52:35,1,2,1,9,9,10,10,8,9,10,8,9,10,7,10,10, ,8,0,0,4,3,5,3,3,4,4,3,4,1,5,3,3,39,39,2,1,usa,4,1,41.693298339844,-94.347099304199,-1,1,3.83333333333333,3.6,9.16666666666667,9.75,9.4,1,8,1,3.83333333333333,3.6,9.66666666666667
28,R_0dIJUp9uMmyDVGp,77.98.147.151,1/16/2017 23:52:24,1/16/2017 23:58:47,1,2,1,5,2,2,4,3,4,3,3,4,3,6,5,4, ,6,2,1,4,3,5,3,4,2,4,3,4,4,2,4,2,32,32,2,1,England,4,1,51.5,-0.58329772949219,-1,1,2.83333333333333,3.8,3.33333333333333,3.75,3.5,1,6,1,2.83333333333333,3.8,4
38,R_6g2lyMcby8wSPKh,167.0.93.66,1/17/2017 0:11:33,1/17/2017 0:17:56,1,2,1,7,4,5,6,5,6,4,7,1,6,3,3,10, ,1,0,0,2,2,2,2,2,3,4,2,2,2,4,2,4,27,27,2,1,USA,4,1,4.6492004394531,-74.062797546387,-1,1,3.16666666666667,2,5.5,3.5,4.7,1,1,1,3.16666666666667,2,2.66666666666667
45,R_SMIxGWjfdLJkQmt,73.77.205.55,1/17/2017 0:39:09,1/17/2017 0:48:03,1,2,1,8,10,7,9,6,7,6,6,5,6,8,5,10, ,5,0,1,5,3,4,3,4,4,3,3,4,2,4,2,4,31,31,2,1,United States,4,1,29.921401977539,-95.609397888184,-1,1,3.66666666666667,3.8,7.83333333333333,5.5,6.9,1,5,1,3.66666666666667,3.8,5.33333333333333
47,R_3qPzzJ1hgDTiQFh,96.2.160.211,1/17/2017 0:48:17,1/17/2017 0:53:21,1,2,1,3,3,5,4,4,4,6,4,6,6,8,6,6, ,2,4,0,2,2,2,2,2,1,1,1,1,5,1,5,1,26,26,2,1,United States of America,4,1,47.503601074219,-94.684997558594,-1,1,1,2,3.83333333333333,6,4.7,1,2,1,1,2,6
49,R_8prR75f6FvmcBY9,75.71.142.216,1/17/2017 0:52:58,1/17/2017 0:57:03,1,2,1,9,10,8,8,9,9,7,6,6,10,9,8,4, ,7,2,0,4,3,4,4,3,2,2,1,4,5,1,4,2,23,23,2,1,United States,4,1,39.705505371094,-104.96640014648,-1,1,2,3.6,8.83333333333333,7.75,8.4,1,7,1,2,3.6,7
52,R_2YFZAzFV47Zo6RJ,96.39.189.223,1/17/2017 1:05:48,1/17/2017 1:11:34,1,2,1,6,4,5,6,5,6,5,5,5,5,8,5,10, ,6,0,1,4,3,3,3,3,3,4,3,4,3,3,2,4,24,24,2,1,United States,4,1,42.138595581055,-124.24639892578,-1,1,3.5,3.2,5.33333333333333,5,5.2,1,6,1,3.5,3.2,5
67,R_1K3bRQ980PuBnS3,72.39.195.56,1/17/2017 1:31:20,1/17/2017 1:40:11,1,2,4,7,7,7,7,7,6,8,4,5,8,3,7,10, ,6,0,0,4,4,4,4,4,4,5,4,4,3,3,2,4,35,35,2,1,Canada,4,1,42.988800048828,-82.359199523926,-1,1,4,4,6.83333333333333,7,6.9,1,6,0,4,4,6.66666666666667
72,R_RCE3892cG03yh1L,72.168.130.125,1/17/2017 1:46:52,1/17/2017 1:53:13,1,2,1,6,6,6,6,6,6,6,5,5,6,6,6,4, ,10,0,3,5,5,5,5,5,4,4,3,4,3,3,3,3,44,44,2,1,US,4,1,38.658203125,-77.249702453613,-1,1,3.5,5,6,5.75,5.9,1,10,1,3.5,5,5.66666666666667
73,R_1JXjgVjDDR2pWhU,65.78.191.185,1/17/2017 1:48:35,1/17/2017 1:53:35,1,2,1,3,1,1,4,3,3,5,1,4,5,10,4,4, ,8,1,0,4,3,4,3,4,2,1,1,3,4,2,4,2,32,32,2,5,United States,4,1,38.784301757812,-121.37060546875,-1,1,1.83333333333333,3.6,2.5,4.5,3.3,1,8,1,1.83333333333333,3.6,4.33333333333333
78,R_5beiaDHcbHErogZ,73.109.57.21,1/17/2017 1:58:51,1/17/2017 2:03:55,1,2,1,10,4,7,10,7,7,8,4,6,6,8,7,4, ,5,3,0,5,4,3,3,3,2,4,3,4,2,4,2,4,23,23,2,1,USA,4,1,47.310104370117,-122.20420074463,-1,1,3.5,3.6,7.5,6.75,7.2,1,5,1,3.5,3.6,7
86,R_eCCgvVS5qt9ilLX,128.177.161.173,1/17/2017 2:28:34,1/17/2017 2:38:51,1,2,1,7,4,4,7,4,6,5,4,3,5,7,5,4, ,7,2,1,4,3,3,3,4,3,2,3,2,4,2,4,2,39,39,2,1,USA,4,1,37.387405395508,-121.90240478516,-1,1,2.33333333333333,3.4,5.33333333333333,4.5,5,1,7,1,2.33333333333333,3.4,4.33333333333333
89,R_1E1bxx7o76iiHSg,66.97.205.93,1/17/2017 2:33:03,1/17/2017 2:42:15,1,2,1,7,6,6,6,6,6,5,3,3,5,7,8,4, ,7,3,1,5,5,5,4,5,4,4,4,4,2,4,2,4,27,27,2,1,Usa,4,1,34.928604125977,-118.40519714355,-1,1,4,4.8,6.16666666666667,5.25,5.8,1,7,1,4,4.8,5.33333333333333
90,R_6sMLQe509oGzKMN,68.203.64.148,1/17/2017 2:38:03,1/17/2017 2:45:30,1,2,1,5,5,4,6,5,5,5,5,3,7,7,5,12,Witch,10,0,1,5,3,5,4,4,5,4,3,5,2,4,2,4,50,50,2,1,Us,4,1,32.604202270508,-96.865303039551,-1,1,4.16666666666667,4.2,5,5,5,1,10,1,4.16666666666667,4.2,4.33333333333333
96,R_29T66a5VM665RXX,66.87.138.156,1/17/2017 2:55:49,1/17/2017 3:07:50,1,2,3,6,7,7,7,7,7,9,8,7,9,4,8,4, ,8,0,10,4, , , , ,3,3,3,3,3,3,3,3, , ,2,1,Usa,4,1,47.390899658203,-122.26370239258,-1,1,3, ,6.83333333333333,8.25,7.4,1,8,0,3, ,8
100,R_DiyXGhPDyhT02wV,108.203.8.252,1/17/2017 3:17:22,1/17/2017 3:27:04,1,2,1,8,9,9,8,7,7,7,5,7,9,7,7,9, ,10,1,4,5,5,5,5,5,3,4,3,4,3,3,3,3,57,57,2,1,USA,4,1,34.171600341797,-118.32160186768,-1,1,3.33333333333333,5,8,7.5,7.8,1,10,1,3.33333333333333,5,7
102,R_3qDbzfCTZ1rldsL,173.17.43.11,1/17/2017 3:25:17,1/17/2017 3:32:13,1,2,1,4,4,5,6,7,6,5,5,7,7,7,5,4, ,1,0,0,4,3,3,3,3,4,4,3,3,3,3,2,4,35,35,2,1,United States,4,1,42.45100402832,-88.221298217773,-1,1,3.5,3.2,5.33333333333333,6,5.6,1,1,1,3.5,3.2,5.66666666666667
103,R_1FEbASIQx3zSPUE,73.137.65.12,1/17/2017 3:22:11,1/17/2017 3:32:23,1,2,2,7,2,2,6,2,2,7,2,3,7,4,7,12,"Less spiritual than corporeal, possibly deist, mostly disinterested",8,0,0,1,1,1,1,1,2,1,1,1,5,1,5,1,57,57,2,1,United States - pray for us ;-),4,1,33.933502197266,-84.397201538086,-1,1,1.16666666666667,1,3.5,6,4.5,1,8,0,1.16666666666667,1,5.66666666666667
107,R_1LvecM1B9mGJE04,70.194.24.96,1/17/2017 3:57:11,1/17/2017 4:03:33,1,2,1,7,5,4,7,4,7,4,6,5,5,7,5,4, ,9,9,1,4,4,4,3,4,3,4,3,4,2,4,2,4,21,21,2,1,United States,4,1,42.552993774414,-83.480201721191,-1,1,3.66666666666667,3.8,5.66666666666667,4.75,5.3,1,9,1,3.66666666666667,3.8,4.66666666666667
116,R_1jiFHLiWqgMrPwQ,50.66.166.167,1/17/2017 7:18:43,1/17/2017 7:27:26,1,2,1,9,9,9,8,8,6,9,8,7,10,5,8,4, ,3,0,0,3,2,3,3,4,4,5,2,4,2,4,2,4,40,40,2,1,Canada,4,1,50.981903076172,-114.10040283203,-1,1,3.83333333333333,3,8.16666666666667,8.5,8.3,1,3,1,3.83333333333333,3,8
118,R_xDUqfyM8Vil5sjv,67.251.96.251,1/17/2017 7:24:58,1/17/2017 7:34:28,1,1,1,1,2,2,5,1,5,1,1,1,1,10,1,10, ,10,0,0,3,2,3,3,4,5,5,3,5,1,5,1,5,29,29,2,4,U.S.A,4,1,42.362899780273,-77.353897094727,-1,1,4.66666666666667,3,2.66666666666667,1,2,1,10,0,4.66666666666667,3,1
120,R_2YGpKKhXbqjj3ph,82.2.225.163,1/17/2017 7:49:16,1/17/2017 7:54:54,1,2,1,9,9,7,8,7,6,6,6,6,6,8,6,4, ,8,4,3,5,4,5,4,5,4,4,3,5,2,4,2,4,30,30,2,1,Ireland,4,1,54.583297729492,-5.9333038330078,-1,1,4,4.6,7.66666666666667,6,7,1,8,1,4,4.6,6
147,R_3oShKpSMwZnohSF,124.150.9.82,1/17/2017 12:36:37,1/17/2017 12:48:02,1,2,3,3,1,2,2,2,1,1,2,1,5,5,2,10, ,4,0,1,3,3,3,4,3,3,3,3,1,3,3,3,3,27,27,2,1,Australia,4,1,-37.766693115234,144.96670532227,-1,1,2.66666666666667,3.2,1.83333333333333,2.25,2,1,4,0,2.66666666666667,3.2,1.33333333333333
152,R_3EaTvbImoSqPElf,69.178.123.21,1/17/2017 13:05:47,1/17/2017 13:16:00,1,2,1,7,7,5,8,8,6,6,3,6,6,7,6,4, ,6,0,2,4,3,4,4,4,4,4,4,3,2,4,2,4,34,34,2,1,Usa,4,1,61.60920715332,-148.46569824219,-1,1,3.83333333333333,3.8,6.83333333333333,6,6.5,1,6,1,3.83333333333333,3.8,6
155,R_2YY8abvBbzIEDf4,73.2.141.145,1/17/2017 12:19:34,1/17/2017 13:52:52,1,2,1,5,2,6,5,5,3,6,5,3,5,8,5,10, ,8,0,0,4,3,4,3,3,3,5,4,4,3,3,3,3,26,26,2,1,USA,4,1,35.146606445312,-89.981300354004,-1,1,3.66666666666667,3.4,4.33333333333333,4.75,4.5,1,8,1,3.66666666666667,3.4,4.66666666666667
160,R_2P5bcY3OwZe491V,68.153.109.3,1/17/2017 14:58:50,1/17/2017 15:03:05,1,2,1,6,6,6,6,6,6,5,5,5,5,7,5,10, ,4,0,0,1,1,1,1,1,3,4,3,4,3,3,3,3,30,30,2,1,USA,4,1,34.023406982422,-84.615501403809,-1,1,3.33333333333333,1,6,5,5.6,1,4,1,3.33333333333333,1,5
163,R_1ia0r2iB6wRfd2y,108.171.131.186,1/17/2017 15:29:21,1/17/2017 15:37:32,1,2,1,5,5,5,4,7,5,4,5,4,6,8,6,9, ,7,0,1,4,2,3,4,4,4,3,2,4,2,4,3,3,32,32,2,1,United States,4,1,42.015197753906,-87.990097045898,-1,1,3.33333333333333,3.4,5.16666666666667,5,5.1,1,7,1,3.33333333333333,3.4,4.66666666666667
168,R_3QPsa07LAbvo6iV,64.58.171.114,1/17/2017 16:56:09,1/17/2017 17:01:18,1,2,1,8,7,8,7,9,8,8,5,7,5,9,8,10, ,7,0,0,3,3,3,3,3,2,4,3,4,4,2,3,3,31,31,2,1,United States,4,1,33.627502441406,-117.87339782715,-1,1,3,3,7.83333333333333,7,7.5,1,7,1,3,3,7.66666666666667
171,R_1mCcUQHMcTEzsbF,162.227.138.179,1/17/2017 17:46:56,1/17/2017 17:51:35,1,2,1,5,4,4,3,6,6,4,6,4,4,7,7,10, ,9,0,4,4,4,4,3,4,4,4,4,4,2,4,2,4,25,25,2,1,Usa,4,1,41.121597290039,-118.05369567871,-1,1,4,3.8,4.66666666666667,4.75,4.7,1,9,1,4,3.8,5
189,R_1lcoenjpNoa72zF,69.133.72.248,1/17/2017 22:47:31,1/17/2017 22:51:09,1,2,3,5,3,3,2,3,3,3,4,1,4,6,2,12,"Raised fundamentalist Christian, considering conversion to Judaism",3,0,5,2,1,2,3,2,1,1,1,1,5,1,5,1,23,23,2,1,United States,4,1,41.398895263672,-83.653900146484,-1,1,1,2,3.16666666666667,2.5,2.9,1,3,0,1,2,2
191,R_bjy5KeJQu4gYOCR,68.2.158.110,1/17/2017 23:18:16,1/17/2017 23:25:45,1,2,1,8,3,4,6,6,6,7,1,5,7,7,6,4, ,4,1,0,5,1,4,2,3,2,2,2,2,4,2,4,2,24,24,2,1,United States,4,1,33.397201538086,-111.78579711914,-1,1,2,3,5.5,6.25,5.8,1,4,1,2,3,6
192,R_2P5KjHxarIlGzVN,50.96.73.253,1/17/2017 23:20:30,1/17/2017 23:30:27,1,2,1,8,8,7,8,8,8,6,5,7,8,7,7,9, ,6,0,1,5,4,4,4,3,5,5,4,4,2,4,2,4,26,26,2,1,United States,4,1,34.442993164062,-83.580200195312,-1,1,4.33333333333333,4,7.83333333333333,7,7.5,1,6,1,4.33333333333333,4,6.66666666666667
193,R_2cdA8SKDmA65dko,49.178.1.179,1/17/2017 23:49:12,1/17/2017 23:55:14,1,2,3,7,3,3,4,3,7,5,2,5,6,10,5,9, ,6,0,1,3,3,3,4,3,4,3,4,3,3,3,2,4,25,25,2,4,Australia,4,1,-34.928695678711,138.59860229492,-1,1,3.5,3.2,4.5,5.25,4.8,1,6,0,3.5,3.2,5
198,R_2qvEMqpRB5QCgAv,82.112.199.212,1/17/2017 12:56:31,1/18/2017 13:32:06,1,2,1,4,1,1,3,1,2,3,1,1,3,10,2,10, ,10,0,2,4,3,4,4,4,2,5,1,4,5,1,5,1,50,50,2,1,US,4,1,41.899993896484,12.483306884766,-1,1,2.33333333333333,3.8,2,2.25,2.1,1,10,1,2.33333333333333,3.8,2
201,R_3JqpgKDlSU6V4iG,80.6.197.26,1/18/2017 20:10:31,1/18/2017 20:22:08,1,2,1,8,7,2,9,2,9,10,3,10,10,4,10,10, ,8,0,0,4,1,3,1,1,5,5,2,4,1,5,3,3,50,50,2,1,United Kingdom,4,1,51.449996948242,-2.5832977294922,-1,1,4,2,6.16666666666667,10,7.7,1,8,1,4,2,10
208,R_3oU764GYmUYqxoE,68.196.155.77,1/16/2017 23:55:32,1/17/2017 0:00:48,0,2,1,7,1,3,7,5,4,3,1,1,3,10,1,10, ,4,0,1,4,3,2,1,2,4,5,3,3,2,4,3,3,30,30,2,3,United States,4, , , ,-1,1,3.66666666666667,2.4,4.5,2,3.5,1,4,1,3.66666666666667,2.4,1.66666666666667
209,R_2zjtHPviyHmhtXS,58.162.253.133,1/17/2017 0:16:06,1/17/2017 0:25:38,0,2,1,3,3,3,4,3,3,5,5,5,5,6,5,10, ,6,0,0,3,3,3,3,3,4,4,4,4,2,4,2,4,32,32,2,4,Australia,4, , , ,-1,1,4,3,3.16666666666667,5,3.9,1,6,1,4,3,5
213,R_24jABAF5jUjJThb,142.177.213.106,1/17/2017 1:41:51,1/17/2017 1:49:47,0,2,3,6,6,6,6,6,5,5,4,5,6,6,5,9, ,6,0,1,3,3,3,4,5,4,4,3,3,3,3,3,3,39,39,2,1,Canada,4, , , ,-1,1,3.33333333333333,3.6,5.83333333333333,5.25,5.6,1,6,0,3.33333333333333,3.6,5
216,R_1IsdZSIXXrxYmsf,74.199.53.181,1/17/2017 1:45:20,1/17/2017 1:53:48,0,2,3,6,8,5,7,7,3,9,7,7,9,6,7,4, ,7,0,1,4,3,4,4,5,3,4,3,4,3,3,3,3, , ,2,1,United States,4, , , ,-1,1,3.33333333333333,4,6,8,6.8,1,7,0,3.33333333333333,4,7.66666666666667
219,R_1NwtP6Ba7qklRTy,96.224.84.173,1/17/2017 1:55:13,1/17/2017 2:01:25,0,2,1,5,4,5,4,5,4,5,5,4,6,8,4,4, ,9,3,0,3,3,3,4,4,2,4,2,4,4,2,4,2,54,54,2,1,Usa,4, , , ,-1,1,2.66666666666667,3.4,4.5,4.75,4.6,1,9,1,2.66666666666667,3.4,4.33333333333333
220,R_272sFOSVBryYop7,73.226.233.73,1/17/2017 1:56:04,1/17/2017 2:01:52,0,2,4,7,3,5,6,5,5,4,4,4,5,7,4,9, ,7,0,0,3,3,3,2,4,3,4,3,4,3,3,2,4,32,32,2,1,USA,4, , , ,-1,1,3.5,3,5.16666666666667,4.25,4.8,1,7,0,3.5,3,4
222,R_1JFNvI4b5Dzxk73,24.107.21.238,1/17/2017 1:56:36,1/17/2017 2:04:51,0,2,1,3,1,2,4,3,3,4,2,2,7,7,3,10, ,7,0,0,4,2,4,3,3,3,2,2,3,4,2,4,2,26,26,2,1,United States of America,4, , , ,-1,1,2.33333333333333,3.2,2.66666666666667,4,3.2,1,7,1,2.33333333333333,3.2,3
223,R_30ob1DAsW7xq6He,50.169.183.23,1/17/2017 1:55:06,1/17/2017 2:08:10,0,2,1,5,5,5,5,5,5,7,5,6,7,6,6,4, ,7,0,1,4,3,4,4,4,5,5,5,5,2,4,2,4,55,55,2,1,Us,4, , , ,-1,1,4.66666666666667,3.8,5,6.5,5.6,1,7,1,4.66666666666667,3.8,6.33333333333333
225,R_3dQc1dI9csVo5wU,107.77.105.84,1/17/2017 2:12:17,1/17/2017 2:18:51,0,2,3,5,5,5,5,5,5,5,4,2,4,8,3,9, ,10,4,3,3,3,3,5,3,3,5,3,5,3,3,3,3,25,25,2,1,United States,4, , , ,-1,1,3.66666666666667,3.4,5,3.5,4.4,1,10,0,3.66666666666667,3.4,3.33333333333333
227,R_3ETkqr3EFL5ebCi,50.106.194.200,1/17/2017 2:19:37,1/17/2017 2:31:31,0,2,1,8,5,5,8,6,8,7,4,7,6,6,7,4, ,2,0,0,3,2,2,3,3,2,3,2,3,3,3,4,2,36,36,2,1,USA,4, , , ,-1,1,2.5,2.6,6.66666666666667,6.75,6.7,1,2,1,2.5,2.6,7
230,R_3M4r1kTjCt3Othg,174.193.139.238,1/17/2017 2:39:48,1/17/2017 2:52:08,0,2,1,5,5,7,5,5,5,5,3,3,3,8,3,4, ,8,0,3,5,1,5,1,5,3,5,3,3,3,3,4,2,37,37,2,1,USA,4, , , ,-1,1,3.16666666666667,3.4,5.33333333333333,3.5,4.6,1,8,1,3.16666666666667,3.4,3.66666666666667
238,R_8H1R1lJuuNEqLap,99.224.214.82,1/17/2017 6:07:24,1/17/2017 6:26:54,0,2,3,2,2,2,2,4,2,6,3,6,6,6,4,10, ,8,0,0,4,3,4,4,3,4,4,4,4,2,4,2,4,33,33,2,1,Canada,4, , , ,-1,1,4,3.6,2.33333333333333,5.5,3.6,1,8,0,4,3.6,5.33333333333333
241,R_26oVE6g8MbYhc1b,86.160.64.33,1/17/2017 9:54:35,1/17/2017 10:00:15,0,2,1,8,8,9,8,8,8,7,3,5,5,5,7,10, ,7,0,0,2,2,2,3,4,2,3,2,4,4,2,4,2,26,26,2,1,UK,4, , , ,-1,1,2.5,2.6,8.16666666666667,6,7.3,1,7,1,2.5,2.6,6.33333333333333
250,R_1FPmS7dihRFeL1p,86.26.237.121,1/17/2017 18:09:37,1/17/2017 18:20:33,0,4,1,7,8,7,7,8,7,8,7,8,7,6,8,12,Spiritual,5,0,0,4,3,3,1,3,5,5,3,5,1,5,2,4,48,48,2,1,Cornwall,4, , , ,-1,1,4.5,2.8,7.33333333333333,7.75,7.5,1,5,0,4.5,2.8,8
253,R_3EnIsPJNVotD0VF,92.28.208.157,1/17/2017 19:16:20,1/17/2017 19:21:26,0,2,1,5,4,5,5,4,3,5,1,4,5,8,5,4, ,6,2,1,3,3,3,3,4,2,3,1,2,4,2,4,2,40,40,2,1,Uk,4, , , ,-1,1,2,3.2,4.33333333333333,4.75,4.5,1,6,1,2,3.2,4.66666666666667
256,R_6yuMogLVQuU7Fnj,85.255.234.145,1/17/2017 20:39:49,1/17/2017 20:48:37,0,2,1,8,10,9,7,9,9,5,8,6,7,4,5,10, ,10,1,0,4,3,5,4,4,2,5,1,2,1,5,4,2,43,43,2,1,England,4, , , ,-1,1,2.83333333333333,4,8.66666666666667,5.75,7.5,1,10,1,2.83333333333333,4,5.33333333333333
257,R_3dQU2hY1pjyB4lZ,66.104.72.2,1/17/2017 21:02:14,1/17/2017 21:06:53,0,2,3,8,6,5,6,7,7,6,5,3,5,8,6,10, ,8,0,0,4,4,4,3,2,4,5,1,4,3,3,5,1,27,27,2,2,United States,4, , , ,-1,1,3,3.4,6.5,5,5.9,1,8,0,3,3.4,5
258,R_2sZmSBzF2VU0jK3,60.242.163.144,1/17/2017 21:03:17,1/17/2017 21:12:55,0,2,1,7,6,7,6,7,5,6,5,5,8,7,5,9, ,7,0,1,3,3,4,3,3,2,2,2,3,4,2,4,2,44,44,2,1,Australia,4, , , ,-1,1,2.16666666666667,3.2,6.33333333333333,6,6.2,1,7,1,2.16666666666667,3.2,5.33333333333333
259,R_Ocy4ps94Vd0O8BH,107.77.97.57,1/17/2017 21:15:45,1/17/2017 21:28:11,0,2,1,8,6,6,5,7,7,3,5,5,5,6,6,6, ,3,0,0,1,1,1,1,1,2,2,1,2,4,2,5,1,25,25,2,1,USA,4, , , ,-1,1,1.66666666666667,1,6.5,4.75,5.8,1,3,1,1.66666666666667,1,4.66666666666667
265,R_30dYO3Sjll0595T,86.3.233.146,1/28/2017 17:31:06,1/28/2017 17:51:27,1,2,1,8,6,6,7,6,7,6,4,5,6,6,6,4, ,7,2,1,3,2,5,4,4,2,2,1,1,5,1,5,1,26,26,2,4,England,4,1,51.416702270508,-0.28329467773438,-1,1,1.33333333333333,3.6,6.66666666666667,5.75,6.3,1,7,1,1.33333333333333,3.6,5.66666666666667
